subject CURIE prefix	object CURIE prefix	predicate	edge count
RXNORM	RXNORM	rxcui:precise_ingredient_of	6138
EFO	UMLS	xref	2202
UMLS	NCBIGene	uses	27329
GO	GO	immediately_causally_upstream_of	2
PR	CHEBI	subclass_of	206
PR	PR	derives_from	57
ARO	BFO	subclass_of	1
EFO	IAO	subclass_of	38
NCIT	NCIT	INVERTED:pathway_has_gene_element	7181
UBERON	FBbt	part_of	1
UBERON	CL	synapsed_by	1
OBI	GENEPIO	derives_from	1
CHEBI	CHEBI	is_tautomer_of	1748
EFO	NCBITaxon	subclass_of	305
FMA	FMA	surrounded_by	139
ORPHANET	OMIM	xref	12142
GO	OBA	regulates	80
GO	OBA	positively_regulates	11
CHEBI	EFO	INVERTED:has_participant	1
OBO	PR	INVERTED:has_gene_template	1013
EPO	TRANS	subclass_of	1
LOINC	LOINC	has_answer	85940
GO	CL	is_about	1
ORPHANET	ORPHANET	orphanet:465410	44
SNOMED	SNOMED	has_process_output	158
MONDO	GO	disease_triggers	2
NCIT	NCIT	disease_is_stage	6155
GO	GO	has_primary_input	2
CL	UBERON	subclass_of	5
EO	IAO	subclass_of	1
UBERON	UBERON	has_potential_to_develop_into	132
NCIT	NCIT	INVERTED:gene_product_sequence_variation_encoded_by_gene_mutant	556
EO	NCBITaxon	subclass_of	2
CL	GO	capable_of	308
SO	OBO	subclass_of	4
GAZ	NCIT	type	189
UMLS	UMLS	occurs_in	17801
ICD9	UMLS	xref	22406
EFO	MONDO	xref	2604
ENVO	MONDO	INVERTED:realized_in_response_to	1
FMA	FMA	projects_to	117
ENVO	ENVO	overlaps	9
SNOMED	SNOMED	has_dose_form_release_characteristic	295
DOID	AQTLTrait	has_phenotype	1
DOID	EFO	subclass_of	3
SNOMED	SNOMED	has_disposition	8941
OBO	SIO	subclass_of	1
GO	CL	results_in_specification_of	26
FMA	FMA	has_full_grown_phenotype	3
IAO	IAO	INVERTED:type	3
GENEPIO	ARO	equivalent_to	1
ARO	IAO	subclass_of	3
ExO	EPO	subclass_of	1
GO	GO	regulates	5322
GO	GO	positively_regulates	4656
OBO	OGG	has_input	1
GENEPIO	ExO	subclass_of	9
UBERON	UBERON	has_potential_to_developmentally_contribute_to	12
CL	BFO	subclass_of	1
ENVO	RO	subclass_of	1
ORPHANET	ICD9	xref	920
UMLS	NCBIGene	coexists_with	92085
MA	UBERON	part_of	1
BTO	EFO	bearer_of	5
HMDB	EHDAA2	at_tissue	1
UBERON	UBERON	aboral_to	1
ENVO	CHEBI	has_increased_levels_of	4
EFO	EFO	inverse_of	3
CHEMBL.COMPOUND	NCBIGene	positive_allosteric_modulator	601
UBERON	UBERON	attaches_to	159
OBO	OBO	subclass_of	286
GO	OBO	has_primary_output	16
SNOMED	SNOMED	has_indirect_device	77
DRUGBANK	UMLS	clinically_tested_withdrawn_phase_1_or_phase_2	30
GTPI	NCBIGene	activator	87
GO	SO	exports	4
FMA	FMA	anterosuperior_to	16
MI	OBO	subclass_of	4
UBERON	UBERON	lumen_of	2
EFO	HANCESTRO	part_of	12
CHEBI	GENEPIO	subclass_of	72
DRUGBANK	PathWhiz.ProteinComplex	INVERTED:has_protein_in_complex	15
FMA	FMA	nerve_supply_of	2129
HP	EFO	xref	1
UniProtKB	OMIM	gene_mutations_contribute_to	5765
CL	GO	has_low_plasma_membrane_amount	6
UBERON	UBERON	INVERTED:produced_by	46
MONDO	EFO	predisposes_towards	14
EFO	PO	located_in	1
LOINC	LOINC	property_of	86472
XCO	GENEPIO	subclass_of	2
EFO	EFO	disease_causes_feature	1
EFO	PATO	bearer_of	19
UBERON	NCBITaxon	only_in_taxon	749
FMA	FMA	fuses_with	26
UBERON	UBERON	immediately_superficial_to	13
PO	PO	xref	1
GO	CL	has_end_location	3
HMDB	UMLS	at_tissue	137
SNOMED	MONDO	equivalent_to	9000
SIO	ENVO	subclass_of	1
NCBIGene	NCBIGene	inhibits	18289
FMA	FMA	homonym_of	73
GO	GO	results_in_fusion_of	33
IAO	BFO	subclass_of	1
NCIT	NCIT	subclass_of	160929
GO	GO	INVERTED:preceded_by	1
GO	GO	has_end_location	5
PathWhiz.Reaction	PathWhiz.NucleicAcid	has_right_element	210
UMLS	NCBIGene	compared_with	23729
NCIT	NCIT	regimen_has_accepted_use_for_disease	395
MONDO	OBO	equivalent_to	154
CL	CL	part_of	1
GO	CL	has_start_location	3
BTO	UBERON	part_of	5
FMA	FMA	continuation_branch_of	43
PathWhiz.Reaction	PathWhiz.Compound	has_right_element	336013
GO	GO	ends_during	1
PO	PO	INVERTED:develops_from	60
OBI	OBI	inheres_in	3
PathWhiz	NCBITaxon	in_species	1905194
SNOMED	SNOMED	has_finding_informer	2207
OMP	GENEPIO	subclass_of	1
GO	GO	has_start_location	8
CHEMBL.COMPOUND	CHEMBL.TARGET	binding_agent	136
PATO	PATO	INVERTED:towards	6
ENVO	ENVO	INVERTED:composed_primarily_of	34
FMA	UBERON	part_of	2
CLO	CL	subclass_of	428
FMA	FMA	inverse_of_derives	264
PATO	NBO	INVERTED:has_participant	1
GTPI	NCBIGene	antagonist	729
RO	owl	sub_property_of	12
GENEPIO	GENEPIO	INVERTED:after	18
ENSEMBL	NCBITaxon	only_in_taxon	110
CHEBI	FOODON	member_of	1
IAO	IAO	subclass_of	30
OBI	GENEPIO	aligned_with	1
MPATH	MPATH	subclass_of	83
GO	MONDO	INVERTED:realized_in_response_to_stimulus	1
NCIT	NCIT	disease_is_grade	1303
UMLS	UMLS	part_of	893692
UMLS	UMLS	owning_section_of	9
DOID	NCBITaxon	transmitted_by	74
PathWhiz.Reaction	PathWhiz.NucleicAcid	has_left_element	349
RXNORM	RXNORM	rxcui:has_form	2941
HANCESTRO	OBI	subclass_of	2
MP	HP	subclass_of	2
HP	UBERON	inheres_in_part_of	2
HANCESTRO	HANCESTRO	inverse_of	1
UBERON	UBERON	bounding_layer_of	37
GENEPIO	OBI	is_about	7
EFO	ORPHANET	subclass_of	328
NCBIGene	UMLS	treats	1364
SO	CHEBI	equivalent_to	3
PathWhiz.Reaction	PathWhiz.Compound	has_left_element	317671
GO	BFO	subclass_of	7
NCIT	NCIT	has_pharmaceutical_basic_dose_form	597
CPT	CPT	subclass_of	14292
ENVO	FOODON	subclass_of	2
FMA	FMA	related_part	3094
ICD10PCS	UMLS	xref	189499
SNOMED	SNOMED	has_recipient_category	117
UMLS	NCBIGene	stimulates	104111
HP	UBERON	inheres_in	1
CHEBI	CL	xref	1
EFO	OBI	is_about	22
ZFA	UBERON	part_of	4
PCO	ENVO	has_habitat	1
PATO	PATO	has_relative_magnitude	7
MESH	UMLS	xref	402615
MONDO	UBERON	disease_has_basis_in_development_of	2
NBO	GO	xref	15
CL	UBERON	INVERTED:composed_primarily_of	83
NCIT	NCIT	eo_disease_has_associated_cell_type	13
MONDO	OGMS	xref	1
PathWhiz.ElementCollection	KEGG	same_as	61
OBI	STATO	subclass_of	1
NCBIGene	UMLS	interacts_with	183359
GO	CHEBI	has_input	967
MONDO	NCIT	equivalent_to	6777
MESH	MESH	subclass_of	40243
CL	UBERON	INVERTED:produced_by	4
CHEMBL.TARGET	UniProtKB	part_of	5700
EHDAA2	AEO	subclass_of	1703
OBI	BTO	xref	1
EFO	OBI	inheres_in	9
FMA	FMA	sub_property_of	3
MONDO	NCIT	disease_has_feature	18
NCIT	NCIT	INVERTED:organism_has_gene	1635
EFO	OGMS	subclass_of	3
GO	CHEBI	transports_or_maintains_localization_of	969
HP	UMLS	xref	16527
UO	UO	subclass_of	228
BTO	EFO	equivalent_to	1
CL	FBbt	xref	1
EFO	EFO	INVERTED:has_participant	69
HGNC	UniProtKB	has_gene_product	20312
DOID	MONDO	subclass_of	5
OMIM	DOID	contributes_to_condition	181
SNOMED	SNOMED	has_dose_form_intended_site	333
UMLS	NCBIGene	associated_with	8728
NCIT	NCIT	gene_product_malfunction_associated_with_disease	509
OBO	MONDO	equivalent_to	154
GENEPIO	IDO	is_about	6
SNOMED	SNOMED	component_of	4259
SNOMED	SNOMED	uses_substance	3187
NCIT	NCIT	gene_product_has_structural_domain_or_motif	4960
FMA	FMA	corresponds_to	46
OBI	BFO	subclass_of	18
UBERON	NBO	capable_of_part_of	9
NCBIGene	UMLS	affects	154949
UBERON	UBERON	overlaps	70
NCIT	NCIT	gene_product_has_chemical_classification	1688
SO	GO	INVERTED:has_participant	4
FOODON	GENEPIO	subclass_of	15
UBERON	GO	capable_of_part_of	135
DOID	CL	derives_from	355
SNOMED	SNOMED	inherent_location_of	1
PATO	PATO	has_cross_section	5
NCBITaxon	ENVO	INVERTED:composed_primarily_of	1
GO	CL	INVERTED:has_plasma_membrane_part	1
KEGG	PathWhiz.Bound	INVERTED:has_element_in_bound	162
NCIT	NCIT	anatomic_structure_is_physical_part_of	9339
PathWhiz.NucleicAcid	PathWhiz	INVERTED:has_nucleic_acid	1763
NPO	NPO	subclass_of	3
UniProtKB	GO	part_of	80696
MONDO	HGNC	has_material_basis_in_gain_of_function_germline_mutation_in	6
CL	UBERON	participates_in	4
GO	OMIM	INVERTED:disease_caused_by_disruption_of	4
ORPHANET	UBERON	has_disease_location	65
CARO	CARO	subclass_of	49
GO	MONDO	INVERTED:realized_in_response_to	4
SNOMED	SNOMED	has_time_aspect	23
OGMS	UBERON	subclass_of	1
BSPO	CARO	passes_through	1
NCBIGene	NCBIGene	produces	3596
MONDO	MESH	xref	7875
OBO	GENEPIO	is_about	1
FOODON	FOODON	member_of	5921
SNOMED	SNOMED	has_laterality	12116
MONDO	MONDO	predisposes_towards	143
CHEMBL.COMPOUND	NCBIGene	gating_inhibitor	24
TO	TO	subclass_of	1
GO	CHEBI	imports	179
GENEPIO	ENVO	is_about	1
OBO	UBERON	xref	6
PO	NCBITaxon	only_in_taxon	2
OBI	IAO	subclass_of	35
EFO	MONDO	disease_causes_feature	1
EFO	CL	part_of	2
OGMS	BFO	subclass_of	4
RGD	PR	INVERTED:has_gene_template	8114
CPT	UMLS	xref	46941
AEO	CARO	surrounds	1
EFO	DOID	xref	2350
PCO	ENVO	INVERTED:determined_by	3
UBERON	UBERON	surrounds	78
SO	DOID	INVERTED:disease_has_basis_in	251
UBERON	NCIT	xref	2580
UBERON	MONDO	INVERTED:realized_in_response_to_stimulus	1
NBO	NBO	INVERTED:by_means	2
GO	UBERON	results_in_maturation_of	53
wb	SO	subclass_of	4479
GO	OMIM	xref	4
BTO	UBERON	xref	1
BSPO	CARO	subclass_of	7
SO	SO	INVERTED:has_member	1
GTPI	NCBIGene	antibody	25
FBbt	CL	xref	1
NCIT	NCIT	gene_plays_role_in_process	13660
FOODON	owl	sub_property_of	1
NCIT	NCIT	INVERTED:may_be_normal_cell_origin_of_disease	183
UMLS	UMLS	inverse_of_rq	1560
DRUGBANK	UniProtKB	external_identifier	69
CHEMBL.COMPOUND	DRUGBANK	same_as	6926
EFO	MP	subclass_of	7
PATO	PATO	subclass_of	2113
PR	MONDO	INVERTED:realized_in_response_to_stimulus	1
NCBIGene	UMLS	INVERTED:location_of	332757
SNOMED	SNOMED	has_access	1520
SNOMED	OBI	subclass_of	1
UMLS	UMLS	mapped_to	456
FMA	FMA	left_medial_to	3
CPT	CPT	has_add_on_code	6931
DOID	EFO	xref	130
EFO	EFO	disease_has_basis_in_feature	18
OBI	RO	sub_property_of	7
BTO	UBERON	subclass_of	9
NCIT	NCIT	has_target	727
BSPO	BSPO	orthogonal_to	3
GENEPIO	GENEPIO	aligned_with	1
ENVO	ENVO	INVERTED:process_has_causal_agent	3
CL	BTO	xref	4
PathWhiz.Reaction	PathWhiz.ProteinComplex	has_right_element	906
NCIT	NCIT	gene_product_is_physical_part_of	616
ExO	GENEPIO	subclass_of	1
UBERON	GO	INVERTED:process_has_causal_agent	1
ttd.target	NCBIGene	antibody	22
GO	CL	occurs_in	129
PO	FOODON	subclass_of	2
ENVO	ENVO	INVERTED:has_participant	10
MONDO	MEDDRA	equivalent_to	1
UBERON	UBERON	continuous_with	120
BTO	BFO	subclass_of	3
FOODON	FOODON	surrounded_by	1
SNOMED	SNOMED	has_direct_site	27
GO	GO	occurs_in	270
MESH	MESH	INVERTED:inverse_of_isa	5029
FMA	FMA	related_developmental_entity_of	13
FMA	FMA	has_segmental_supply	613
EFO	CL	inheres_in_part_of	1
NCBIGene	UMLS	converts_to	2870
EFO	BTO	xref	3
ENVO	OBI	subclass_of	2
LOINC	LOINC	has_imaging_focus	5463
GENEPIO	OBI	member_of	1
DOID	GO	disease_has_basis_in_dysfunction_of	8
UMLS	UMLS	predisposes	256197
FBdv	EFO	subclass_of	1
PathWhiz.ProteinComplex	PathWhiz.Reaction	INVERTED:has_enzyme	165371
UBERON	UBERON	deep_to	12
HP	HP	subclass_of	22195
ORPHANET	GO	participates_in	3
MONDO	UBERON	has_modifier	1
GO	FAO	part_of	3
LOINC	LOINC	has_method	66244
HP	EFO	subclass_of	46
IDO	CHEBI	subclass_of	1
UMLS	NCBIGene	interacts_with	141256
OBI	OBI	inverse_of	2
FMA	FMA	develops_into	3
AEO	AEO	part_of	22
CHEMBL.TARGET	CHEMBL.TARGET	INVERTED:superset_of	1116
PathWhiz.Reaction	PathWhiz.ProteinComplex	has_left_element	734
UBERON	UBERON	INVERTED:location_of	9
BTO	EFO	participates_in	2
FMA	FMA	germ_origin_of	1
NCIT	NCIT	allele_has_abnormality	180
LOINC	LOINC	has_timing_of	2693
MONDO	SO	has_modifier	22
DRUGBANK	UMLS	clinically_tested_withdrawn_phase_0	7
EFO	UO	equivalent_to	1
GO	PR	exports	1
EFO	MA	has_disease_location	1
EnsemblGenomes	NCBITaxon	only_in_taxon	278
EFO	HP	disease_has_feature	1
UniProtKB	REACT	participates_in	779447
SNOMED	SNOMED	has_indirect_morphology	544
NCIT	VCARD	subclass_of	1
CHEMBL.COMPOUND	CHEMBL.TARGET	positive_modulator	18
SNOMED	SNOMED	has_dependent	6
UMLS	NCBIGene	affects	12913
FOODON	GAZ	subclass_of	13
UMLS	UMLS	component_of	13
EFO	EFO	disease_has_feature	34
HMDB	FMA	at_cellular_location	1
FMA	FMA	constitutional_part_of	21424
PathWhiz.Reaction	PathWhiz.Bound	has_right_element	167
UBERON	BSPO	sub_property_of	6
NCIT	NCIT	gene_is_biomarker_of	18
OBO	OBO	has_interaction_type	1
UMLS	UMLS	same_as	15124
BFO	RO	sub_property_of	4
NCIT	NCIT	disease_has_associated_anatomic_site	30160
RO	UBERON	sub_property_of	1
HMDB	EHDAA2	in_biospecimen	1
MOD	PR	subclass_of	41
FMA	FMA	has_adherent	7
CL	CARO	subclass_of	2
GENEPIO	OBI	inheres_in	1
GO	CL	results_in_acquisition_of_features_of	300
NDDF	NDDF	INVERTED:has_ingredient	24
SNOMED	SNOMED	has_concentration_strength_denominator_unit	2065
CHEMBL.COMPOUND	CHEMBL.TARGET	negative_modulator	4
CHEMBL.COMPOUND	CHEMBL.TARGET	opener	38
SNOMED	SNOMED	has_finding_method	4099
RXNORM	RXNORM	INVERTED:rxcui:inverse_isa	44612
MONDO	GARD	xref	5818
NBO	UBERON	INVERTED:input_of	1
RO	BFO	sub_property_of	26
GO	PR	directly_positively_regulates	2
SNOMED	SNOMED	occurs_before	2413
CHEMBL.COMPOUND	NCBIGene	inducer	4
DRUGBANK	CHEMBL.COMPOUND	external_identifier	7632
UBERON	UBERON	immediately_preceded_by	7
STATO	GENEPIO	subclass_of	6
MPATH	BFO	subclass_of	1
VANDF	VANDF	INVERTED:has_ingredient	14304
PDQ	PDQ	INVERTED:has_component	4862
GENEPIO	PATO	subclass_of	2
GENEPIO	EDAM	subclass_of	1
LOINC	LOINC	has_evaluation	10553
FMA	FMA	full_grown_phenotype_of	3
NCIT	NCIT	gene_product_has_organism_source	825
OPL	OPL	subclass_of	27
SNOMED	SNOMED	precise_active_ingredient_of	7240
HP	CL	affects	110
PathWhiz.Reaction	PathWhiz.Bound	has_left_element	157
UBERON	UBERON	extends_fibers_into	127
DRUGBANK	HMDB	same_as	1565
BSPO	RO	sub_property_of	4
HMDB	UMLS	in_biospecimen	11184
DRUGBANK	UMLS	clinically_tested_terminated_phase_2_or_phase_3	39
UMLS	UMLS	administered_to	203874
PathWhiz.Reaction	PathWhiz	INVERTED:has_reaction	747189
CHEBI	CHEBI	has_functional_parent	17221
PathWhiz.Reaction	KEGG	has_right_element	263206
UBERON	UBERON	ventral_to	8
NCBIGene	UniProtKB	regulates_expression_of	332256
FMA	FMA	inverse_of_bounds	1076
EFO	HP	has_modifier	30
DRUGBANK	MESH	category	57884
ORPHANET	NCIT	xref	1012
DOID	UMLS	xref	6
NCIT	NCIT	procedure_may_have_completely_excised_anatomy	6
ENVO	ENVO	subclass_of	590
ORPHANET	ORPHANET	orphanet:317344	176
OMOP	MONDO	equivalent_to	1590
DOID	DOID	subclass_of	14358
SNOMED	SNOMED	focus_of	4294
FMA	FMA	has_tributary	1007
GARD	MONDO	equivalent_to	5814
MONDO	ICD10	equivalent_to	1113
GENEPIO	OMP	subclass_of	1
CL	UBERON	INVERTED:has_part	224
EFO	EFO	has_about_it	2
CL	MONDO	INVERTED:disease_has_basis_in_dysfunction_of	8
HMDB	CHEMBL.TARGET	at_tissue	174
EFO	HP	is_about	19
UMLS	UMLS	has_supported_concept_property	239
OBI	OGMS	subclass_of	2
UBERON	UBERON	INVERTED:develops_from	1373
ICD10PCS	ICD10PCS	subclass_of	189482
EFO	EFO	is_about	556
DRUGBANK	UMLS	clinically_tested_suspended_phase_0	1
DDANAT	DDANAT	part_of	134
SNOMED	SNOMED	has_procedure_morphology	177
CHEMBL.COMPOUND	CHEMBL.TARGET	oxidative_enzyme	2
AEO	AEO	subclass_of	89
UBERON	UBERON	in_posterior_side_of	15
CL	UBERON	axon_synapses_in	13
CHEMBL.COMPOUND	CHEMBL.TARGET	chelating_agent	19
PO	PO	part_of	132
NCBIGene	GO	involved_in	1417
HP	DOID	xref	34
GENEPIO	OMIT	is_about	4
DOID	MONDO	xref	6
EFO	MONDO	disease_has_basis_in_feature	3
PathWhiz.Reaction	KEGG	has_left_element	232427
DOID	GENEPIO	subclass_of	2
GO	CHEBI	regulates_levels_of	62
FMA	FMA	external_to	1
NCBITaxon	PATO	has_quality	1
MA	UBERON	subclass_of	2
EFO	EFO	inheres_in	1
EFO	GO	participates_in	25
EHDAA2	EHDAA2	subclass_of	155
UBERON	UBERON	derived_from_ancestral_fusion_of	63
ttd.target	NCBIGene	modulator	9
SNOMED	SNOMED	has_finding_context	2531
UBERON	UBERON	distalmost_part_of	5
VT	EFO	subclass_of	1
FMA	FMA	anteroinferior_to	27
CARO	RO	subclass_of	1
CHEBI	GO	INVERTED:has_intermediate	83
UniProtKB	GO	contributes_to	975
NCBITaxon	BFO	subclass_of	1
GENEPIO	OBI	denotes	1
NCIT	NCIT	has_pharmaceutical_transformation	520
GO	GO	results_in_transport_across	45
CL	EFO	located_in	1
NBO	NBO	INVERTED:in_response_to	5
RXNORM	RXNORM	INVERTED:rxcui:contains	990
ENVO	OIO	subclass_of	1
GENEPIO	UO	INVERTED:is_unit_of	1
SNOMED	SNOMED	has_presentation_strength_numerator_value	4836
MONDO	PATO	xref	1
NCBIGene	UniProtKB	has_gene_product	19230
OMIT	OBI	subclass_of	2
NCIT	UBERON	subclass_of	2
ttd.target	NCBIGene	antagonist	121
UBERON	UBERON	existence_starts_during	13
GENEPIO	RO	inverse_of	1
NCIT	NCIT	chemical_or_drug_has_physiologic_effect	2053
GO	CARO	subclass_of	21
EFO	MA	xref	1
CGNC	NCBITaxon	only_in_taxon	552
EFO	PATO	subclass_of	2
NCBIGene	NCBITaxon	only_in_taxon	5380
GO	GO	results_in_distribution_of	7
FMA	FMA	continuous_distally_with	1879
HP	MONDO	subclass_of	1
MONDO	WD	equivalent_to	2
OBI	PR	subclass_of	1
MONDO	UBERON	disease_has_location	793
EFO	OMIM	xref	875
NCIT	BFO	subclass_of	7
PathWhiz.Compound	DRUGBANK	same_as	1539
HP	CHEBI	subclass_of	1
OGG	BFO	subclass_of	1
FIX	GENEPIO	subclass_of	1
NCBITaxon	NCBITaxon	subclass_of	1783396
EFO	RO	sub_property_of	2
LOINC	LOINC	INVERTED:has_subject	34
FBbt	UBERON	subclass_of	22
GO	GO	results_in_structural_organization_of	1
NCBITaxon	MONDO	INVERTED:realized_in_response_to_stimulus	482
OBO	STATO	subclass_of	8
FMA	FMA	inferolateral_to	8
OMIM	HP	has_phenotype	94807
SO	SO	subclass_of	2326
NCRO	GENEPIO	subclass_of	1
EFO	MONDO	disease_has_feature	34
SO	BFO	subclass_of	4
SNOMED	SNOMED	subclass_of	554879
sgd	NCBITaxon	only_in_taxon	5938
HMDB	GO	at_cellular_location	16784
ENVO	ENVO	inheres_in	7
FMA	FMA	origin_of	275
SNOMED	SNOMED	has_modification	2130
CHEMBL.COMPOUND	CHEMBL.TARGET	negative_allosteric_modulator	13
SNOMED	SNOMED	has_specimen_substance	926
ORPHANET	PR	has_disease_location	1
HP	SYMP	has_symptom	2
OPL	CL	subclass_of	1
FMA	FMA	member_of	2295
EFO	ICD9	xref	2049
CHEBI	KEGG	same_as	1689
NCIT	IAO	subclass_of	7
FOODON	FOODON	is_about	3
CHEMBL.COMPOUND	NCBIGene	binder	139
NCIT	NCIT	is_location_of_anatomic_structure	356
NCIT	NCBITaxon	subclass_of	1
UniProtKB	GO	capable_of	62677
FMA	FMA	inverse_of_forms	15
OBO	SO	subclass_of	1013
GO	SO	has_primary_output	2
FMA	FMA	INVERTED:has_part	12
PATO	PATO	sub_property_of	4
OBO	BFO	subclass_of	11
NCBIGene	NCBIGene	regulates_expression_of	3812
FMA	FMA	afferent_to	812
GO	UBERON	INVERTED:output_of	17
SNOMED	SNOMED	has_associated_morphology	63873
OBI	MONDO	equivalent_to	1
FMA	FMA	continuous_proximally_with	1825
MONDO	UBERON	disease_has_inflammation_site	163
SO	IAO	subclass_of	1
RO	RO	xref	1
UBERON	UBERON	inverse_of	4
GO	CL	results_in_formation_of	15
EFO	UBERON	located_in	6
EHDAA2	EHDAA2	INVERTED:develops_from	2125
NCIT	NCIT	gene_involved_in_molecular_abnormality	2464
UBERON	ENVO	confers_advantage_in	8
GENEPIO	FOODON	subclass_of	3
GO	GO	results_in_formation_of	2
LOINC	LOINC	has_challenge	19562
GO	PO	xref	44
NCIT	NCIT	procedure_may_have_excised_anatomy	8
GENO	DOID	INVERTED:has_material_basis_in	2007
NCBITaxon	DOID	INVERTED:has_allergic_trigger	15
GAZ	GAZ	located_in	720
UBERON	UBERON	channel_for	32
ORPHANET	HGNC	xref	3982
PR	CHEBI	equivalent_to	1
OBO	GO	causally_upstream_of	1
GENEPIO	CHEBI	is_about	1
OBO	IAO	subclass_of	9
EFO	UBERON	derives_from	6
AraPort	PR	INVERTED:has_gene_template	15921
MI	IAO	subclass_of	1
GO	GO	INVERTED:inverse_of_isa	5250
CHEMBL.COMPOUND	CHEMBL.TARGET	hydrolytic_enzyme	38
EFO	MONDO	has_modifier	125
HMDB	OMIM	at_tissue	2
VANDF	VANDF	isa	12198
CL	EFO	part_of	2
GO	CHEBI	has_output	93
DOID	SYMP	has_symptom	839
UMLS	UMLS	prevents	197498
UBERON	UBERON	INVERTED:contains	10
SIO	SIO	aligned_with	1
CHEBI	OBO	subclass_of	2
FOODON	FOODON	derives_from	2874
SNOMED	SNOMED	has_specimen_source_topography	1401
BTO	PATO	has_quality	1
EFO	CL	subclass_of	539
UBERON	UBERON	protects	9
PCO	BFO	subclass_of	3
CLO	EFO	subclass_of	857
DOID	UBERON	has_origin	3
UBERON	CL	adjacent_to	1
EFO	CHEBI	is_about	262
UBERON	UBERON	in_left_side_of	52
RXNORM	RXNORM	rxcui:constitutes	23344
FMA	FMA	has_insertion	210
EFO	GO	subclass_of	180
EFO	UO	INVERTED:is_unit_of	4
UBERON	GO	adjacent_to	1
FMA	FMA	part_of	4801
NCIT	NCIT	biological_process_has_result_biological_process	91
GO	CARO	results_in_maturation_of	1
UO	EFO	equivalent_to	1
UMLS	UMLS	inverse_of_sy	450
EFO	NCBITaxon	located_in	4
CHEMBL.COMPOUND	CHEMBL.TARGET	antagonist	789
BFO	EFO	INVERTED:has_input	2
CP	GO	subclass_of	9
SNOMED	SNOMED	has_surgical_approach	688
GENEPIO	GENEPIO	immediately_preceded_by	6
UMLS	UMLS	treats	1218218
LOINC	LOINC	has_action_guidance	1149
EFO	CHEBI	inheres_in	3
FMA	FMA	has_germ_origin	1
SNOMED	SNOMED	has_presentation_strength_denominator_value	4074
UBERON	UBERON	subclass_of	21304
FMA	FMA	has_constitutional_part	21120
PATO	DOID	xref	1
MEDDRA	UMLS	xref	73929
LOINC	LOINC	has_archetype	1265
PathWhiz.ElementCollection	CHEBI	same_as	50
EFO	NCBITaxon	derives_from	16
OBO	OBO	positively_regulates	1
NCBIGene	UMLS	part_of	119404
NCIT	NCIT	has_inc_parent	116
LOINC	LOINC	has_pharmaceutical_route	1930
GTPI	NCBIGene	agonist	1350
FMA	FMA	matures_from	76
FMA	FMA	venous_drainage_of	132
NCIT	NCIT	procedure_has_partially_excised_anatomy	194
SNOMED	UMLS	xref	361557
ENVO	ENVO	INVERTED:formed_as_result_of	4
UMLS	NCBIGene	inhibits	89138
OMIMPS	MONDO	equivalent_to	472
OBO	OBO	realized_in	1
MONDO	ORPHANET	disease_shares_features_of	1
UBERON	UBERON	existence_starts_with	6
UBERON	BFO	subclass_of	295
ORPHANET	ICD10	xref	5735
GO	GO	precedes	1
FMA	UBERON	subclass_of	8
NCIT	NCIT	INVERTED:has_salt_form	1829
CL	GO	INVERTED:has_participant	28
UBERON	UBERON	anteriorly_connected_to	22
UBERON	UBERON	conduit_for	57
FMA	FMA	projects_from	110
ecogene	SO	subclass_of	4018
GO	GO	directly_regulates	12
NCIT	ExO	subclass_of	2
CL	NCBITaxon	in_taxon	1
PathWhiz.ElementCollection	PathWhiz.Bound	INVERTED:has_element_in_bound	163
DRUGBANK	UMLS	clinically_tested_approved_unknown_phase	6536
EFO	EFO	related_to	1
UBERON	UBERON	contributes_to_morphology_of	633
CHEBI	UBERON	INVERTED:has_part	20
UMLS	UMLS	subclass_of	9884
EFO	MONDO	equivalent_to	2850
UBERON	UBERON	in_superficial_part_of	7
ORPHANET	EFO	related_to	1
GO	CHEBI	has_primary_input	1000
GO	CHEBI	is_about	4
CL	GO	INVERTED:process_has_causal_agent	24
CL	CL	subclass_of	3462
NCIT	NCIT	gene_product_is_biomarker_of	32
EFO	EFO	bearer_of	970
MA	FMA	xref	1
FMA	FMA	internal_to	1
LOINC	LOINC	has_supersystem	19700
SIO	GENEPIO	subclass_of	9
NCIT	NCIT	is_related_to_endogenous_product	23
GEO	BFO	subclass_of	1
CL	GO	subclass_of	11
UMLS	UMLS	INVERTED:inverse_of_ro	356197
UBERON	UBERON	has_muscle_antagonist	47
UBERON	UBERON	existence_ends_during_or_before	1
NCIT	NCIT	is_associated_disease_of	1027
DRUGBANK	UMLS	clinically_tested_withdrawn_phase_1	132
UBERON	CL	has_potential_to_developmentally_contribute_to	1
ENVO	ENVO	ends	1
HP	OMIM	xref	24
GO	GO	directly_negatively_regulates	11
MESH	MESH	isa	9514
DOID	ARO	subclass_of	4
GO	GO	exports	4
NCIT	NCIT	role_has_parent	11
EFO	NCBITaxon	only_in_taxon	3
KEGG	UniProtKB	physically_interacts_with	22304
NCIT	NCIT	disease_may_have_abnormal_cell	1194
NCIT	NCIT	role_has_domain	83
ATC	UMLS	xref	6331
UMLS	UMLS	causes	813924
BSPO	BSPO	approximately_perpendicular_to	1
CHEBI	PR	INVERTED:has_component	47
CHEMBL.COMPOUND	CHEMBL.TARGET	substrate	6
SNOMED	SNOMED	has_concentration_strength_numerator_value	2313
VANDF	VANDF	ingredient_of	18404
FMA	FMA	INVERTED:develops_from	18
GENEPIO	OBI	subclass_of	96
PO	EFO	subclass_of	30
EFO	EFO	part_of	48
HP	ICD9	xref	18
SNOMED	SNOMED	active_ingredient_of	18593
PR	PR	part_of	1
CHEMBL.TARGET	CHEMBL.TARGET	subset_of	1389
OBI	EDAM	subclass_of	1
NCIT	NCIT	gene_is_biomarker_type	39
FOODON	PO	subclass_of	11
GO	GO	has_occurrence	258
FMA	FMA	has_nerve_supply	2127
NCIT	NCIT	has_pharmaceutical_state_of_matter	620
UBERON	UBERON	immediately_deep_to	40
IAO	IAO	type	22
OBO	FMA	xref	1
GENEPIO	NCIT	INVERTED:after	2
FMA	FMA	segmental_composition_of	2
UMLS	UMLS	has_form	1
ORPHANET	ORPHANET	subclass_of	25409
BFO	BFO	subclass_of	37
ORPHANET	ORPHANET	orphanet:317348	227
NCIT	NCIT	procedure_may_have_partially_excised_anatomy	9
CHEMBL.COMPOUND	CHEMBL.TARGET	disrupting_agent	5
UBERON	MONDO	INVERTED:disease_arises_from_structure	55
EFO	EFO	INVERTED:realized_in_response_to_stimulus	1
GO	GO	directly_positively_regulates	15
BTO	CL	derives_from	1
NCIT	NCIT	INVERTED:process_involves_gene	25114
UMLS	UMLS	measures	183140
OPL	OBI	subclass_of	1
UMLS	NCBIGene	produces	41274
LOINC	LOINC	mapped_to	2900
FMA	FMA	INVERTED:has_member	2243
UBERON	UBERON	serially_homologous_to	3
NCIT	NCIT	enzyme_metabolizes_chemical_or_drug	636
UMLS	UMLS	has_mapping_qualifier	22
WD	MONDO	equivalent_to	2
FMA	FMA	direct_right_of	229
MONDO	ORPHANET	equivalent_to	9149
FMA	FMA	direct_cell_shape_of	2
FAO	FAO	INVERTED:develops_from	2
GO	GO	results_in_remodeling_of	10
FMA	FMA	continuous_with	2512
PathWhiz.ProteinComplex	PathWhiz.Bound	INVERTED:has_element_in_bound	809
NCIT	NCIT	INVERTED:ctcae_5_parent_of	1721
FOODON	GAZ	has_country_of_origin	9
MONDO	ORPHANET	disease_has_feature	1
GO	PO	results_in_commitment_to	2
GEO	GENEPIO	aligned_with	1
NCIT	NCIT	disease_may_have_associated_disease	1935
FMA	FMA	insertion_of	213
NCIT	NCIT	has_pharmaceutical_release_characteristics	502
MONDO	KEGG	xref	37
UMLS	UMLS	process_of	810370
NCIT	NCIT	INVERTED:is_cytogenetic_abnormality_of_disease	326
GO	CL	subclass_of	1
GO	CL	results_in_determination_of	25
CL	CARO	INVERTED:has_part	3
CL	CL	develops_into	5
MOD	PR	INVERTED:has_part	5383
OMIT	OMIT	subclass_of	7
UBERON	CL	bounding_layer_of	1
GO	GO	subclass_of	80401
OBI	GENEPIO	INVERTED:produced_by	1
PO	PO	INVERTED:has_part	9
DRUGBANK	UMLS	xref	9151
FOODON	FOODON	INVERTED:output_of	15
CL	PO	xref	1
FOODON	NCBITaxon	in_taxon	1733
NBO	MONDO	INVERTED:disease_has_basis_in_disruption_of	1
FBgn	NCBITaxon	only_in_taxon	3954
MONDO	OMIMPS	xref	477
UBERON	UBERON	distally_connected_to	30
EFO	BFO	has_output	1
MONDO	OBI	xref	1
SO	PR	subclass_of	3
NCIT	NCIT	gene_in_chromosomal_location	3906
PR	MONDO	INVERTED:disease_has_basis_in_dysfunction_of	18
DRUGBANK	UMLS	clinically_tested_suspended_phase_3	56
VANDF	UMLS	xref	28951
ORPHANET	EFO	disease_has_feature	24
DRUGBANK	SMPDB	pathway	3762
GO	CL	acts_on_population_of	84
EFO	PO	xref	31
MONDO	OGMS	equivalent_to	1
CPT	CPT	panel_element_of	129
OBO	OBO	INVERTED:has_part	1
EFO	DOID	is_about	1
SO	GO	INVERTED:has_primary_input_or_output	9
DRUGBANK	PathWhiz	INVERTED:has_compound	492409
FMA	FMA	INVERTED:derives	274
SNOMED	SNOMED	is_interpreted_by	37621
EFO	OBI	subclass_of	105
SNOMED	SNOMED	has_measurement_method	17
SYMP	ARO	subclass_of	1
GENEPIO	ENVO	subclass_of	3
GENEPIO	GENEPIO	is_about	8
UBERON	UBERON	precedes	2
FOODON	NCIT	subclass_of	2
FMA	FMA	receives_projection	117
MONDO	NCBITaxon	transmitted_by	74
OBO	GO	INVERTED:has_primary_input_or_output	20
SNOMED	SNOMED	has_dose_form	12616
GO	PR	has_primary_output	10
GO	GO	results_in_maintenance_of	16
FMA	FMA	has_observed_anatomical_entity	3
CHEMBL.COMPOUND	HP	indicated_for	2095
NCIT	NCIT	gene_product_has_biochemical_function	4865
NCIT	UMLS	xref	165880
GENEPIO	UO	subclass_of	7
MOD	MOD	subclass_of	151
NCBIGene	UMLS	complicates	585
ORPHANET	ORPHANET	orphanet:c016	6366
FOODON	FOODON	has_output	1
MONDO	BFO	subclass_of	3
SNOMED	SNOMED	has_subject_relationship_context	5084
NCIT	NCIT	INVERTED:is_organism_source_of_gene_product	532
DRUGBANK	KEGG	same_as	494
FBbt	UBERON	part_of	2
FMA	FMA	has_connection_type	4
OBI	GO	subclass_of	1
CHMO	CHMO	subclass_of	7
GENEPIO	GENEPIO	INVERTED:has_member	1
SNOMED	SNOMED	has_priority	211
UniProtKB	GO	acts_upstream_of_or_within	293
GO	PR	INVERTED:output_of	808
ARO	OBI	subclass_of	2
UBERON	UBERON	dorsal_to	10
FOODON	ENVO	derives_from	8
SNOMED	SNOMED	has_realization	1450
UBERON	UBERON	sub_property_of	3
EFO	EFO	disease_shares_features_of	2
MF	MONDO	INVERTED:realized_in_response_to	3
GENEPIO	GENEPIO	type	43
FOODON	FOODON	INVERTED:has_part	9
CHEMBL.TARGET	ENSEMBL	part_of	4
ORPHANET	ORPHANET	disease_shares_features_of	11
MONDO	MESH	equivalent_to	7860
NCIT	NCIT	role_has_range	97
GTPI	NCBIGene	channel_blocker	158
PATO	PATO	INVERTED:has_part	9
CHEMBL.COMPOUND	NCBIGene	antisense	3
MONDO	PATO	has_modifier	78
NCBITaxon	DOID	INVERTED:has_material_basis_in	300
PathWhiz.Reaction	CHEBI	has_right_element	169923
NCBIGene	UMLS	prevents	7331
ORPHANET	CL	has_disease_location	2
UBERON	UBERON	luminal_space_of	77
LOINC	LOINC	analyzes	72330
ORPHANET	ORPHANET	orphanet:410295	1091
GENEPIO	GENEPIO	part_of	1
GO	PO	results_in_morphogenesis_of	30
UBERON	UBERON	channels_from	25
NCIT	NCIT	INVERTED:disease_is_marked_by_gene	8
UBERON	BFO	sub_property_of	3
EFO	BTO	is_about	3
CL	GO	participates_in	18
OBO	CARO	subclass_of	1
ORPHANET	GO	has_disease_location	10
SNOMED	SNOMED	has_finding_site	91236
NCBIGene	NCBITaxon	in_taxon	61530
SNOMED	SNOMED	INVERTED:has_occurrence	5492
CL	GO	has_plasma_membrane_part	1
OGMS	GO	subclass_of	1
GENEPIO	OIO	subclass_of	2
CHEBI	UBERON	part_of	1
CL	NCIT	xref	2
UBERON	UBERON	posteriorly_connected_to	1
RXNORM	RXNORM	rxcui:has_dose_form	42707
EFO	MP	has_phenotype	1
ENVO	ENVO	bounding_layer_of	1
KEGG	MONDO	equivalent_to	37
CHEMBL.TARGET	CHEMBL.TARGET	overlaps_with	2630
UBERON	CL	surrounds	7
SNOMED	SNOMED	has_procedure_site	3506
FMA	FMA	posteromedial_to	9
EFO	NCIT	xref	2012
CHEMBL.COMPOUND	NCBIGene	antibody	180
EFO	MONDO	INVERTED:realized_in_response_to_stimulus	1
GO	CL	results_in_maturation_of	16
ZFIN	SO	subclass_of	3318
UBERON	GO	surrounds	3
PathWhiz.Reaction	CHEBI	has_left_element	188562
OMIM	OMIM	INVERTED:has_manifestation	121769
UniProtKB	GO	acts_upstream_of_or_within_positive_effect	13
FMA	FMA	transforms_into	28
BSPO	BSPO	finishes_axis	7
UMLS	UMLS	has_physiologic_effect	1
OMIT	CHEBI	subclass_of	3
GO	GO	results_in_maturation_of	2
DOID	OMIM	xref	4868
CHEMBL.COMPOUND	NCBIGene	negative_modulator	5
UBERON	UBERON	superficial_to	14
HP	HP	has_modifier	1
UBERON	UBERON	developmentally_replaces	8
NCIT	ICO	is_about	1
RXNORM	UMLS	xref	108886
UBERON	NBO	INVERTED:has_participant	2
SNOMED	SNOMED	has_clinical_course	4570
UBERON	GO	INVERTED:has_participant	2
ttd.target	NCBIGene	agonist	105
LOINC	LOINC	has_scale	87167
NCIT	MONDO	INVERTED:realized_in_response_to	1
EFO	UO	subclass_of	38
FMA	FMA	regional_part_of	27615
CHEMBL.TARGET	CHEMBL.TARGET	equivalent_to	36
OBI	STATO	is_about	1
UMLS	UMLS	INVERTED:has_component	3
EFO	EFO	participates_in	8
PR	NCBITaxon	only_in_taxon	177969
MGI	SO	subclass_of	16846
ENSEMBL	PR	INVERTED:has_gene_template	110
GTPI	NCBIGene	gating_inhibitor	32
BTO	CL	subclass_of	6
CHEMBL.COMPOUND	CHEMBL.TARGET	partial_agonist	47
GO	CL	part_of	150
UBERON	MESH	xref	644
HGNC	PR	INVERTED:has_gene_template	19823
CPT	CPT	panel_element_of_possibly_included	1
IAO	EFO	inverse_of	1
CHEBI	MONDO	INVERTED:disease_has_basis_in_dysfunction_of	1
ENVO	ENVO	adjacent_to	8
KEGG	PathWhiz	INVERTED:has_compound	1701455
EO	EO	subclass_of	47
GO	GO	part_of	5240
EFO	BTO	equivalent_to	1
DOID	ICD9	xref	11
OBI	EFO	INVERTED:has_participant	1
VCARD	GENEPIO	subclass_of	1
ZEA	EFO	subclass_of	1
LOINC	LOINC	inverse_of_measures	79662
EFO	EFO	INVERTED:has_input	4
UniProtKB	GO	acts_upstream_of_positive_effect	14
SO	DOID	INVERTED:has_material_basis_in	3
GO	OBO	has_input	48
GO	GO	bounding_layer_of	29
UBERON	UBERON	in_innermost_side_of	2
RO	RO	sub_property_of	621
OBO	OBOREL	inverse_of	1
ENVO	ENVO	located_in	3
RO	RO	inverse_of	122
ORPHANET	MONDO	disease_has_feature	25
NCIT	NCIT	biological_process_has_result_anatomy	63
GO	GO	results_in_disassembly_of	75
SNOMED	SNOMED	has_intent	5207
CHEBI	PR	INVERTED:has_part	2
EFO	EFO	part_of_progression_of_disease	2
EnsemblGenomes	SO	subclass_of	278
GO	OBO	transports_or_maintains_localization_of	20
SNOMED	SNOMED	has_unit_of_presentation	2918
FAO	FAO	subclass_of	32
CL	RO	sub_property_of	2
UBERON	CARO	subclass_of	1408
HMDB	NCIT	at_tissue	217
GO	UBERON	results_in_developmental_progression_of	1
MONDO	CHEBI	disease_has_basis_in_accumulation_of	1
GENEPIO	EFO	subclass_of	1
CVDO	GENEPIO	subclass_of	1
GO	UBERON	has_target_end_location	2
HP	ARO	subclass_of	1
FMA	FMA	right_medial_to	4
GO	OBI	subclass_of	1
FOODON	FOODON	develops_from_part_of	13
PR	CHEBI	derives_from	1
UBERON	CARO	xref	42
ENVO	GENEPIO	subclass_of	17
GENEPIO	GENEPIO	member_of	9
UMLS	NCBIGene	part_of	41790
FMA	FMA	segmental_supply_of	683
SNOMED	SNOMED	cause_of	7207
OMIABIS	OGMS	subclass_of	1
MF	MF	INVERTED:has_occurrent_part	1
ZFA	EFO	subclass_of	33
SYMP	SYMP	has_symptom	1
GENEPIO	GENEPIO	INVERTED:produced_by	1
dbpedia	HANCESTRO	subclass_of	9
NCBIGene	UMLS	same_as	617
MONDO	ORPHANET	subclass_of	669
PECO	BFO	subclass_of	1
SNOMED	SNOMED	during	118
GO	OBO	imports	3
CHEMBL.COMPOUND	CHEMBL.TARGET	releasing_agent	26
EFO	MONDO	disease_shares_features_of	1
MONDO	GARD	equivalent_to	5814
NCIT	PATO	subclass_of	3
EFO	MEDDRA	xref	2
EHDAA2	AEO	attaches_to	1
MF	BFO	subclass_of	4
FMA	FMA	left_lateral_to	5
CHEMBL.COMPOUND	CHEMBL.TARGET	degrader	1
OBO	OBO	regulates	2
CL	GO	INVERTED:results_in_movement_of	87
NCIT	NCIT	allele_plays_altered_role_in_process	128
SNOMED	SNOMED	has_procedure_device	279
EFO	EFO	sub_property_of	5
CHEMBL.COMPOUND	NCBIGene	affects	10769
CHEBI	MONDO	INVERTED:disease_responds_to	13
EFO	HANCESTRO	derives_from	31
BTO	UBERON	located_in	1
FMA	FMA	surrounds	133
UBERON	UBERON	subdivision_of	12
NCIT	NCIT	INVERTED:process_includes_biological_process	642
FOODON	ECOCORE	INVERTED:has_participant	1
UMLS	UMLS	diagnoses	259899
GO	UBERON	xref	44
NCBIGene	NCBIGene	interacts_with	33756
UBERON	UBERON	sexually_homologous_to	12
EFO	MA	is_about	1
GAZ	FOODON	subclass_of	162
UBERON	CL	extends_fibers_into	1
CHEMBL.COMPOUND	NCBIGene	antisense_oligonucleotide	5
OBI	OBI	subclass_of	105
HCPCS	HCPCS	mapped_to	15
OMIM	OMIM	INVERTED:phenotype_of	13865
MONDO	HP	disease_has_major_feature	100
MONDO	HP	xref	565
CHEBI	UBERON	subclass_of	1
NCIT	NCIT	chemical_or_drug_has_mechanism_of_action	2274
EFO	HGNC	xref	8
PO	EFO	equivalent_to	1
MONDO	NCIT	realized_in	2
GENEPIO	GENEPIO	inheres_in	1
UBERON	UBERON	in_deep_part_of	6
CL	MONDO	INVERTED:realized_in_response_to_stimulus	4
GO	SO	xref	15
GENEPIO	ARO	is_about	3
MONDO	EFO	disease_has_major_feature	6
MONDO	EFO	xref	2857
OncoTree	MONDO	equivalent_to	556
ENVO	ENVO	INVERTED:determined_by	11
CHEMBL.MECHANISM	CHEMBL.MECHANISM	subclass_of	27
UBERON	UBERON	proximalmost_part_of	4
FOODON	FOODON	has_quality	9
FMA	FMA	has_primary_segmental_supply	17
UMLS	UMLS	converts_to	36699
PR	CL	part_of	4
BSPO	BSPO	dorsal_to	1
DOID	UBERON	located_in	618
HGNC	MONDO	INVERTED:disease_has_basis_in_dysfunction_of	4393
CHEMBL.COMPOUND	CHEMBL.TARGET	reducing_agent	2
EFO	HP	subclass_of	128
MEDDRA	MEDDRA	member_of	52438
UBERON	UBERON	developmentally_induced_by	20
UniProtKB	CHEMBL.COMPOUND	targets	39678
GENEPIO	GENEPIO	INVERTED:preceded_by	1
CHEBI	SO	subclass_of	23
ERO	OBI	subclass_of	4
GO	NBO	INVERTED:by_means	1
CHEBI	BFO	subclass_of	33
LOINC	LOINC	has_fragments_for_synonyms	96184
PR	GO	part_of	4
IDO	OBO	INVERTED:has_participant	1
UBERON	UBERON	part_of	9688
EFO	EFO	subclass_of	11372
DRUGBANK	UMLS	clinically_tested_withdrawn_phase_2	208
SNOMED	SNOMED	characterized_by	346
GO	GO	INVERTED:has_primary_input_or_output	1
GENEPIO	GENEPIO	before	11
PathWhiz.Compound	KEGG	same_as	48957
SNOMED	SNOMED	has_inherent_location	1
GO	GO	INVERTED:regulated_by	1913
GENO	GENO	subclass_of	24
CL	MA	located_in	1
OGMS	OBI	subclass_of	1
GO	NCBITaxon	only_in_taxon	683
biolink	biolink	subclass_of	248
NCIT	NCIT	allele_has_activity	74
ORPHANET	MESH	xref	2518
DOID	UBERON	adjacent_to	2
FMA	FMA	drains_into	212
HP	NCIT	xref	276
MGI	PR	INVERTED:has_gene_template	16846
CGNC	SO	subclass_of	552
ECO	ECO	subclass_of	12
UMLS	UMLS	inverse_of_exhibits	1082
OBO	OBOREL	sub_property_of	1
EO	EFO	subclass_of	1
ENVO	ENVO	causal_agent_in_process	1
UniProtKB	MONDO	associated_with_disease	188
UBERON	UBERON	indirectly_supplies	4
OGMS	OGMS	INVERTED:has_participant_at_all_times	1
UBERON	UBERON	immediately_anterior_to	1
GENEPIO	GENEPIO	INVERTED:specifies_value_of	12
HMDB	MEDDRA	at_tissue	2
CHEMBL.COMPOUND	NCBIGene	vaccine	6
FOODON	RO	sub_property_of	1
NCIT	NCIT	gene_product_expressed_in_tissue	1594
GENEPIO	GENEPIO	precedes	2
FMA	FMA	has_venous_drainage	132
ZFIN	PR	INVERTED:has_gene_template	3318
FMA	FMA	tributary_of	1068
CL	UBERON	INVERTED:develops_from	2
AraPort	NCBITaxon	only_in_taxon	15919
UMLS	UMLS	larger_than	1
HMDB	UMLS	at_cellular_location	1
NDDF	NDDF	ingredient_of	12
NCBIGene	UMLS	administered_to	9523
NCIT	NCIT	chemical_or_drug_affects_gene_product	378
sgd	SO	subclass_of	5938
GENEPIO	GEO	subclass_of	1
GO	SO	coincident_with	6
UniProtKB	UniProtKB	regulates_activity_of	165005
KEGG	DRUGBANK	same_as	978
PR	CHEBI	non_covalently_bound_to	7
NPO	BFO	subclass_of	1
CHEMBL.COMPOUND	CHEMBL.MECHANISM	related_to	4739
SNOMED	SNOMED	has_specimen_source_identity	126
MP	DOID	xref	1
UBERON	UBERON	surrounded_by	35
NCIT	GO	subclass_of	1
CHEBI	PathWhiz.Bound	INVERTED:has_element_in_bound	214
UBERON	FMA	xref	5851
EFO	ICD10	xref	2576
NCIT	NCIT	gene_product_has_abnormality	24
NCBIGene	SO	subclass_of	5380
MONDO	NCBITaxon	in_taxon	1
CHEMBL.COMPOUND	CHEMBL.TARGET	agonist	720
GO	UBERON	results_in_transport_along	1
UBERON	NCBITaxon	part_of	4
FMA	FMA	INVERTED:contains	333
LOINC	UMLS	xref	260568
NBO	BFO	subclass_of	1
EFO	UBERON	has_disease_location	278
PO	GENEPIO	subclass_of	1
SNOMED	SNOMED	has_property	521
CARO	CARO	part_of	3
MONDO	CL	disease_has_location	49
ORPHANET	ORPHANET	disease_has_major_feature	3
CHEMBL.COMPOUND	NCBIGene	antagonist	2951
FMA	FMA	subclass_of	107543
OMIM	OMIM	has_phenotype	15337
MONDO	NBO	disease_causes_disruption_of	4
CHEBI	UBERON	INVERTED:composed_primarily_of	11
SNOMED	SNOMED	has_direct_morphology	7589
MONDO	GO	disease_causes_disruption_of	93
BTO	OBI	subclass_of	1
FMA	FMA	fusion_of	2
MONDO	GO	disease_has_location	5
GO	GO	results_in_assembly_of	316
CL	EFO	subclass_of	41
SNOMED	SNOMED	uses_access_device	1594
UBERON	UBERON	proximal_to	4
GENEPIO	CHEBI	subclass_of	2
MONDO	LOINC	xref	1
OMIT	GENEPIO	subclass_of	6
ExO	GENEPIO	member_of	2
SNOMED	SNOMED	has_associated_finding	2554
CL	CL	synapsed_to	3
CL	MONDO	INVERTED:disease_arises_from_structure	58
FMA	FMA	superomedial_to	5
UBERON	GO	composed_primarily_of	3
HGNC	NCBITaxon	only_in_taxon	19823
UBERON	ENVO	INVERTED:determined_by_part_of	1
DRUGBANK	UMLS	clinically_tested_suspended_phase_1	9
CL	PATO	bearer_of	38
OBO	GO	subclass_of	5
GO	GO	has_primary_output	1
RXNORM	RXNORM	rxcui:reformulated_to	9
UniProtKB	GO	is_active_in	32
NCBITaxon	EFO	part_of	1
NCBIGene	NCBIGene	converts_to	290
NCIT	FOODON	subclass_of	4
FOODON	CHEBI	derives_from	2
SIO	SIO	subclass_of	4
SNOMED	SNOMED	INVERTED:has_basic_dose_form	274
SNOMED	SNOMED	has_procedure_context	2641
NCIT	NCIT	conceptual_part_of	3585
UMLS	UMLS	INVERTED:location_of	2270476
MONDO	UMLS	xref	14056
MONDO	CL	disease_has_inflammation_site	1
ttd.target	NCBIGene	activator	13
MONDO	OBA	disease_has_feature	1
NCIT	NCIT	qualifier_applies_to	1
ICD10	MONDO	equivalent_to	1113
NCIT	GENEPIO	INVERTED:contains_process	1
IAO	EFO	subclass_of	1
FOODON	FOODON	INVERTED:produced_by	2
SO	SO	has_quality	1
UBERON	UBERON	posterior_to	9
CGNC	PR	INVERTED:has_gene_template	552
FMA	FMA	developmental_stage_of	193
GO	GO	happens_during	12
FOODON	UBERON	subclass_of	2
GO	GO	INVERTED:ends_with	25
NCIT	NCIT	chromosome_mapped_to_disease	189
HP	MEDDRA	xref	93
CHEMBL.COMPOUND	DOID	indicated_for	2375
UBERON	CL	channel_for	4
GO	EFO	INVERTED:has_input	1
CHEMBL.COMPOUND	CHEMBL.TARGET	stabiliser	9
FOODON	FOODON	sub_property_of	1
EFO	CL	derives_from	6
FOODON	FOODON	has_input	3
ENSEMBL	NCBITaxon	in_taxon	67667
RXNORM	RXNORM	rxcui:contained_in	789
OBO	FOODON	subclass_of	2
PDQ	PDQ	associated_disease	243
BTO	EFO	derives_from	3
MONDO	MONDO	disease_has_major_feature	14
MONDO	MONDO	xref	12
PO	PO	INVERTED:has_participant	3
GO	PO	results_in_development_of	65
DRUGBANK	UMLS	clinically_tested_terminated_phase_3	437
FOODON	BFO	subclass_of	11
GO	OBO	regulates_levels_of	2
NCIT	NCIT	process_initiates_biological_process	132
UBERON	UBERON	develops_in	9
GO	GO	INVERTED:has_participant	39
ARO	IDO	is_about	1
ORPHANET	MONDO	has_modifier	257
UMLS	NCBIGene	same_as	692
NCIT	NCIT	gene_mapped_to_disease	5189
MONDO	MONDO	intersection_of	1
EFO	MONDO	subclass_of	2167
NCIT	NCIT	INVERTED:disease_has_molecular_abnormality	294
MF	OGMS	subclass_of	1
FMA	FMA	has_location	1
OMIM	OMIM	subclass_of	59497
RO	BFO	subclass_of	2
EFO	CHEBI	subclass_of	71
ORPHANET	GARD	xref	2968
UBERON	UBERON	in_lateral_side_of	131
FAO	NCBITaxon	only_in_taxon	1
SNOMED	SNOMED	occurs_in	7221
NCBITaxon	MONDO	INVERTED:realized_in_response_to	1
CHEMBL.COMPOUND	CHEMBL.TARGET	sequestering_agent	23
GO	CL	overlaps	15
HCPCS	UMLS	xref	6948
NBO	PATO	is_about	5
GO	EFO	subclass_of	10
TRANS	GO	subclass_of	1
LOINC	LOINC	has_view_type	1668
GO	GO	results_in_organization_of	191
FOODON	IAO	subclass_of	7
MONDO	HP	disease_causes_feature	5
PR	SO	subclass_of	45
GO	GO	overlaps	26
PR	BFO	subclass_of	2
NCIT	NCIT	gene_product_is_biomarker_type	337
CP	PATO	bearer_of	4
ENVO	ENVO	has_role	1
UBERON	CL	subclass_of	2
MONDO	EFO	disease_causes_feature	2
UBERON	UBERON	has_boundary	1
dictybase.gene	SO	subclass_of	4540
FMA	FMA	attaches_to	476
NCIT	NCIT	INVERTED:disease_has_finding	36775
KEGG	HMDB	same_as	3308
NCBIGene	UMLS	stimulates	110058
BTO	EFO	INVERTED:develops_from	1
PATO	GENEPIO	subclass_of	1
UBERON	GO	subclass_of	2
SIO	NCIT	subclass_of	1
EFO	UBERON	xref	2
EFO	EFO	has_role	17
UBERON	CL	xref	1
CHEMBL.COMPOUND	HP	contraindicated_for	12221
EFO	OBI	is_executed_in	2
GO	ECOCORE	INVERTED:has_part	5
CP	CL	INVERTED:has_part	26
ttd.target	NCBIGene	inhibitor	203
EHDAA2	EHDAA2	attaches_to	1
LOINC	LOINC	has_approach_guidance	347
MEDDRA	MONDO	equivalent_to	1
UBERON	GO	xref	4
DRUGBANK	CHEBI	same_as	102
FAO	CARO	subclass_of	4
UBERON	UBERON	produces	14
NCBIGene	UMLS	causes	56542
CL	FAO	xref	8
UBERON	UBERON	in_outermost_side_of	2
EFO	HANCESTRO	has_quality	3
NCIT	NCIT	INVERTED:subset_includes_concept	230272
MMO	OBI	subclass_of	1
NCBITaxon	OBI	subclass_of	16
CHEBI	CL	INVERTED:has_part	1
EHDAA2	OBO	subclass_of	1
CHEBI	CHEBI	is_enantiomer_of	2594
FBgn	SO	subclass_of	3954
EDAM	GENEPIO	subclass_of	1
DOID	NCIT	xref	3
UMLS	MONDO	equivalent_to	14023
ECTO	ExO	subclass_of	4
ENVO	BFO	has_increased_levels_of	1
ZFIN	NCBITaxon	only_in_taxon	3318
OBI	EFO	subclass_of	39
CHEBI	GO	INVERTED:has_part	16
UniProtKB	DOID	associated_with_disease	3803
CHEMBL.COMPOUND	CHEBI	same_as	30201
FMA	FMA	superolateral_to	9
LOINC	LOINC	INVERTED:has_class	54220
LOINC	LOINC	is_given_pharmaceutical_substance_for	2418
PATO	PATO	correlates_with	1
CHEMBL.COMPOUND	CHEMBL.TARGET	activator	42
HP	ICD10	xref	83
PathWhiz.ElementCollection	UniProtKB	same_as	7
NCBIGene	UBERON	expressed_in	1414
SNOMED	SNOMED	has_count_of_base_of_active_ingredient	13255
UBERON	FOODON	subclass_of	34
FMA	FMA	posterosuperior_to	34
GO	CHEBI	exports	74
ENVO	ENVO	derives_from	9
CL	GO	equivalent_to	1
NCIT	NCIT	disease_may_have_finding	16831
UniProtKB	KEGG	physically_interacts_with	22304
NCIT	OBI	subclass_of	13
BSPO	BSPO	deep_to	1
EnsemblGenomes	PR	INVERTED:has_gene_template	278
GO	GO	results_in	9
CL	UBERON	innervates	1
GO	UBERON	results_in_morphogenesis_of	342
PR	UBERON	INVERTED:composed_primarily_of	1
CL	EFO	participates_in	1
GO	PR	xref	89
ORPHANET	EFO	has_disease_location	2
SNOMED	SNOMED	has_revision_status	1031
FMA	FMA	has_developmental_stage	193
OBI	GENEPIO	INVERTED:specifies_value_of	7
MONDO	PATO	subclass_of	1
CHEMBL.COMPOUND	NCBIGene	cofactor	2
FMA	FMA	related_object	252
CHEBI	PR	subclass_of	5
UMLS	UMLS	related_to	2823
GO	OBO	has_output	1
ecogene	NCBITaxon	only_in_taxon	4018
UBERON	UBERON	INVERTED:has_part	277
NCIT	NCIT	allele_plays_role_in_metabolism_of_chemical_or_drug	3
ORPHANET	ORPHANET	orphanet:317346	38
GENEPIO	DOID	subclass_of	1
UMLS	UMLS	isa	313010
CLO	PATO	has_quality	405
CL	AEO	INVERTED:has_part	78
RXNORM	RXNORM	rxcui:has_quantified_form	15
TO	BFO	subclass_of	1
NBO	NBO	is_about	7
HMDB	UBERON	at_tissue	66
NBO	GO	is_about	8
MESH	MESH	mapped_to	376217
GENEPIO	OBI	has_quality	1
GENEPIO	PCO	subclass_of	2
GAZ	ENVO	type	190
BSPO	BSPO	overlaps	77
MONDO	UBERON	disease_causes_dysfunction_of	2
EFO	PATO	has_quality	522
GTPI	NCBIGene	allosteric_modulator	139
PDQ	PDQ	component_of	5952
STATO	STATO	subclass_of	30
DRUGBANK	UniProtKB	target	16808
OBO	OBI	subclass_of	4
UBERON	UBERON	existence_starts_and_ends_during	15
FMA	FMA	has_continuation_branch	28
EHDAA2	EHDAA2	located_in	166
GTPI	NCBIGene	inhibitor	1337
OBI	OBI	type	6
EFO	GENEPIO	INVERTED:specifies_value_of	1
UniProtKB	GO	colocalizes_with	1327
EHDAA2	OBO	existence_starts_during	2268
OMIM	OMIM	manifestation_of	121769
HP	MONDO	equivalent_to	5
ICD10	ICD10	subclass_of	98417
GENEPIO	GENEPIO	subclass_of	665
OBI	NCIT	inheres_in	1
CHMO	BFO	subclass_of	1
MONDO	KEGG	equivalent_to	37
UBERON	UBERON	immediate_transformation_of	71
CHEBI	GO	INVERTED:has_primary_input_or_output	1276
STATO	BFO	subclass_of	1
NCBITaxon	EFO	INVERTED:has_member	1
NCIT	NCIT	chemical_or_drug_initiates_biological_process	113
MP	ICD9	xref	1
BTO	EFO	subclass_of	47
RO	RO	INVERTED:has_subsequence	1
NCBITaxon	EO	subclass_of	3
MONDO	OMIMPS	equivalent_to	472
GO	UBERON	has_input	8
UBERON	UBERON	anastomoses_with	4
ENSEMBL	SO	subclass_of	110
MONDO	OBI	equivalent_to	1
MESH	GENEPIO	subclass_of	5
UMLS	UMLS	complicates	42952
DOID	MEDDRA	xref	33
GENEPIO	NCIT	is_about	10
MONDO	MONDO	disease_causes_feature	7
EFO	PO	equivalent_to	1
GO	UBERON	transports_or_maintains_localization_of	2
UBERON	FOODON	INVERTED:has_defining_ingredient	2
UBERON	GO	participates_in	8
NCIT	ENVO	subclass_of	6
CL	PR	has_high_plasma_membrane_amount	65
GO	SO	has_input	7
MONDO	DOID	xref	9027
PathWhiz.ElementCollection	PathWhiz	INVERTED:has_element_collection	9096
GO	OBO	has_primary_input	20
PathWhiz.NucleicAcid	PathWhiz.Bound	INVERTED:has_element_in_bound	81
MONDO	HP	has_modifier	140
OBO	IDO	subclass_of	1
UBERON	RO	sub_property_of	8
STATO	IAO	subclass_of	2
NBO	NBO	regulates	16
NCIT	UO	subclass_of	2
LOINC	LOINC	has_adjustment	343
EFO	CHEBI	has_role	3
OPL	BTO	subclass_of	1
GO	SO	transports_or_maintains_localization_of	4
GO	PO	results_in_specification_of	7
EFO	DOID	subclass_of	6
ENSEMBL	HGNC	same_as	42691
MONDO	MFOEM	disease_causes_disruption_of	1
CHEMBL.COMPOUND	NCBIGene	partial_agonist	62
FMA	FMA	has_development_type	13
PW	OBO	subclass_of	5
NCIT	NCIT	gene_involved_in_pathogenesis_of_disease	1115
DOID	BFO	subclass_of	1
OBO	OGMS	is_about	1
CHEBI	GO	INVERTED:process_has_causal_agent	8
PDQ	UMLS	xref	18972
FBgn	PR	INVERTED:has_gene_template	3954
RXNORM	RXNORM	INVERTED:rxcui:consists_of	26132
UBERON	UBERON	in_proximal_side_of	2
HP	UBERON	xref	1
GO	NCBITaxon	has_input	10
CL	DOID	INVERTED:has_material_basis_in	41
OBI	CHEBI	subclass_of	2
FMA	FMA	lateral_to	111
PATO	PATO	decreased_in_magnitude_relative_to	2
NDDF	NDDF	has_dose_form	17997
NCIT	NCIT	INVERTED:cdrh_parent_of	666
EFO	GENEPIO	subclass_of	1
RXNORM	RXNORM	rxcui:ingredient_of	36788
SNOMED	SNOMED	has_temporal_context	5183
RO	EFO	sub_property_of	1
GO	SO	imports	1
NCBIGene	NCBIGene	part_of	128
ENVO	PATO	has_quality	32
FMA	FMA	arterial_supply_of	622
sgd	PR	INVERTED:has_gene_template	5940
SNOMED	SNOMED	uses_device	4753
FMA	FMA	inherent_3d_shape_of	4
NCBIGene	OMIM	same_as	17550
CL	NCBITaxon	only_in_taxon	5
ENVO	SIO	subclass_of	1
VANDF	VANDF	INVERTED:inverse_of_isa	7426
CL	UBERON	produces	6
LOINC	LOINC	member_of	22330
EO	GENEPIO	subclass_of	1
UBERON	UBERON	connected_to	80
HP	UPHENO	subclass_of	1
UniProtKB	GO	acts_upstream_of_negative_effect	5
GO	GO	results_in_fission_of	8
FMA	FMA	articulates_with	692
EFO	BTO	subclass_of	217
LOINC	LOINC	has_parent_group	6515
EFO	OGMS	xref	1
GENEPIO	MI	subclass_of	15
FMA	FMA	inverse_of_contains	555
PO	PO	participates_in	7
ARO	GENEPIO	subclass_of	1
ENVO	ENVO	partially_surrounded_by	1
UniProtKB	GO	involved_in	277260
UniProtKB	GO	acts_upstream_of	169
UBERON	UBERON	INVERTED:inverse_of	1
UBERON	UBERON	INVERTED:has_skeleton	38
FMA	FMA	merges_with	6
NCBIGene	UMLS	compared_with	26838
OMIM	OMIM	allelic_variant_of	29202
OBO	OBO	negatively_regulates	1
NCBIGene	PR	INVERTED:has_gene_template	5701
BAO	CHEBI	subclass_of	2
GO	FMA	xref	10
OBO	OIO	subclass_of	5
PathWhiz.Compound	CHEBI	same_as	32541
UBERON	UBERON	located_in	152
PDQ	PDQ	subclass_of	4291
DOID	ICD10	xref	8
MESH	MESH	INVERTED:inverse_of_ro	13058
FMA	FMA	adheres_to	7
EFO	EFO	is_executed_in	2
PR	PR	subclass_of	300998
MONDO	MF	disease_causes_disruption_of	3
FOODON	MONDO	INVERTED:realized_in_response_to_stimulus	17
DOID	GO	realized_in_response_to_stimulus	1
DRUGBANK	UMLS	clinically_tested_withdrawn_phase_2_or_phase_3	16
GENEPIO	UO	has_measurement_unit_label	3
OBO	OBO	INVERTED:has_participant	1
PathWhiz.Reaction	UniProtKB	has_right_element	12
UBERON	UBERON	in_dorsal_side_of	6
UniProtKB	OMIM	associated_with_disease	2132
NCBITaxon	EFO	subclass_of	4
PR	GO	INVERTED:has_primary_input_or_output	3
EFO	SYMP	xref	2
FMA	FMA	connected_to	140
CHEBI	FOODON	INVERTED:has_ingredient	3
CHEBI	PathWhiz	INVERTED:has_element_collection	1418
LOINC	LOINC	associated_with	1016
EFO	MESH	xref	1631
NBO	NBO	part_of	1
UMLS	NCBIGene	xref	34858
MONDO	EFO	disease_shares_features_of	1
NBO	GO	part_of	2
GO	PATO	xref	1
SNOMED	SNOMED	has_direct_procedure_site	33347
UBERON	AEO	xref	109
SYMP	BFO	subclass_of	1
GO	UBERON	INVERTED:has_part	43
FOODON	PO	member_of	1
FMA	FMA	INVERTED:location_of	1
IDO	BFO	subclass_of	9
UBERON	UBERON	has_muscle_origin	210
UBERON	ENVO	xref	2
PathWhiz.Reaction	UniProtKB	has_left_element	13
ORPHANET	ORPHANET	orphanet:317343	4581
UBERON	UBERON	in_ventral_side_of	5
SNOMED	SNOMED	has_presentation_strength_denominator_unit	1294
UBERON	PR	produces	5
NCIT	EFO	subclass_of	3
ENVO	CHEBI	has_role	3
UMLS	NCBIGene	measures	13930
GO	UBERON	has_target_start_location	2
UBERON	UBERON	skeleton_of	35
MONDO	MONDO	has_modifier	867
FOODON	DOID	INVERTED:has_allergic_trigger	25
FMA	FMA	primary_segmental_supply_of	24
UBERON	UBERON	in_central_side_of	1
PATO	PATO	reciprocal_of	8
FMA	FMA	inferior_to	401
UMLS	UMLS	precedes	149791
NCIT	NCIT	biological_process_has_result_chemical_or_drug	32
CL	CARO	xref	2
SNOMED	SNOMED	plays_role	4304
CHEBI	ENVO	INVERTED:has_part	3
SO	PR	INVERTED:has_part	6
GO	DDANAT	xref	1
MONDO	HP	disease_has_basis_in_feature	42
CHEMBL.COMPOUND	CHEMBL.TARGET	physically_interacts_with	4538
FMA	FMA	sends_output_to	800
NCBITaxon	ENVO	INVERTED:determined_by	3
GO	CL	has_target_end_location	2
FBbt	EFO	subclass_of	77
MONDO	EFO	disease_has_basis_in_feature	23
ORPHANET	KEGG	xref	4
UMLS	UMLS	augments	451409
SNOMED	SNOMED	temporally_related_to	60
DOID	ORPHANET	subclass_of	1
UMLS	NCBIGene	process_of	27799
RXNORM	RXNORM	rxcui:ingredients_of	4352
GO	GO	has_target_end_location	268
DRUGBANK	UMLS	clinically_tested_suspended_phase_1_or_phase_2	30
NCBIGene	UMLS	coexists_with	77418
GO	NBO	INVERTED:in_response_to	12
GENEPIO	ARO	subclass_of	4
ICD9	ICD9	subclass_of	22402
HMDB	UniProtKB	has_protein_association	332823
NCIT	OMIT	subclass_of	1
DRUGBANK	UMLS	clinically_tested_withdrawn_phase_3	81
OBO	EFO	subclass_of	7
CHEMBL.COMPOUND	CHEMBL.TARGET	inverse_agonist	11
PomBase	NCBITaxon	only_in_taxon	5124
ENVO	ENVO	INVERTED:contains_process	1
SNOMED	SNOMED	uses_energy	314
ORPHANET	OMIMPS	xref	300
FOODON	FOODON	INVERTED:has_defining_ingredient	190
PO	PO	subclass_of	531
EFO	PO	part_of	1
NBO	PATO	subclass_of	1
NCBIGene	UMLS	disrupts	64071
MONDO	SNOMED	equivalent_to	9000
DRUGBANK	KEGG	external_identifier	1670
BFO	BFO	INVERTED:inverse_of	3
CHEMBL.COMPOUND	NCBIGene	agonist	2960
HMDB	MESH	at_tissue	2301
BTO	BTO	derives_from	2
UniProtKB	UniProtKB	regulates_expression_of	237781
OBI	EFO	INVERTED:has_input	2
EFO	OBO	part_of	5
CHEBI	CHEBI	is_substituent_group_from	1267
ORPHANET	EFO	subclass_of	850
CHEMBL.COMPOUND	DOID	contraindicated_for	9264
UBERON	NBO	INVERTED:by_means	6
ENVO	CHEBI	derives_from	1
ttd.target	NCBIGene	antisense	22
SNOMED	SNOMED	has_interpretation	12748
UMLS	UMLS	uses	386689
UBERON	UBERON	INVERTED:has_component	8
MONDO	ORPHANET	predisposes_towards	4
ARO	GENEPIO	INVERTED:specifies_value_of	2
FMA	FMA	superior_to	399
FMA	FMA	has_related_developmental_entity	15
EFO	HP	has_phenotype	3
GO	UBERON	INVERTED:contains_process	28
MONDO	HP	equivalent_to	5
SNOMED	SNOMED	has_severity	38
UBERON	UBERON	innervates	105
GO	CL	xref	258
MONDO	OMIM	xref	8869
GO	GO	causally_upstream_of	3
FOODON	FOODON	has_food_substance_analog	14
SNOMED	SNOMED	specimen_procedure_of	944
MONDO	HP	disease_has_feature	709
MONDO	EFO	equivalent_to	2850
EFO	UBERON	occurs_in	1
GENEPIO	NCIT	before	1
IAO	OIO	type	1
SYMP	DOID	INVERTED:disease_has_basis_in	2
GO	GO	xref	4
RGD	NCBITaxon	only_in_taxon	8114
NCBIGene	OMIM	gene_mutations_contribute_to	4
UBERON	UBERON	transformation_of	47
UBERON	GO	simultaneous_with	11
MONDO	EFO	disease_has_feature	15
CHEMBL.COMPOUND	CHEMBL.TARGET	inhibitor	2414
GO	UBERON	results_in_development_of	588
EFO	EFO	derives_from	15
DRUGBANK	UMLS	clinically_tested_terminated_phase_0	29
MONDO	MFOMD	realized_in	6
UMLS	UMLS	disrupts	433181
SNOMED	SNOMED	has_scale_type	527
LOINC	LOINC	has_imaged_location	6361
DOID	CL	located_in	10
ttd.target	NCBIGene	binder	28
GO	PO	occurs_in	10
HGNC	SO	subclass_of	19874
MGI	NCBITaxon	only_in_taxon	16846
FMA	FMA	direct_left_of	275
BSPO	BSPO	opposite_to	3
UMLS	UMLS	coexists_with	1402013
NCIT	NCIT	gene_mutant_encodes_gene_product_sequence_variation	809
SIO	IAO	subclass_of	4
UBERON	CL	part_of	6
MONDO	ICD9	xref	5741
BTO	BTO	INVERTED:develops_from	1
ECTO	RO	subclass_of	4
PR	PR	INVERTED:has_gene_template	61
GO	PR	has_input	292
ENVO	ENVO	has_output	10
OBI	GENEPIO	subclass_of	22
OAE	GENEPIO	subclass_of	1
UBERON	GO	part_of	11
PR	SO	lacks_part	3240
NCIT	NCIT	biological_process_has_associated_location	545
UniProtKB	DOID	gene_associated_with_condition	33361
FMA	FMA	distal_to	159
EFO	GARD	xref	555
UBERON	UBERON	ends	1
ENVO	ENVO	INVERTED:has_part	17
OBO	PATO	bearer_of	1
BFO	OIO	subclass_of	1
DOID	GO	disease_has_location	3
OBO	OBO	immediately_preceded_by	5
CHEMBL.COMPOUND	CHEMBL.TARGET	blocker	149
GO	FAO	results_in_development_of	10
NCBIGene	HP	has_phenotype	60
GO	PR	transports_or_maintains_localization_of	9
FMA	FMA	has_direct_cell_shape	2
CL	UBERON	has_soma_location	5
UMLS	UMLS	class_code_classified_by	61
MONDO	MONDO	disease_shares_features_of	49
ECTO	MONDO	INVERTED:realized_in_response_to_stimulus	6
FOODON	PATO	subclass_of	6
CHEMBL.COMPOUND	MESH	treats	27892
CL	UBERON	has_synaptic_terminal_in	2
ERO	GENEPIO	subclass_of	1
UBERON	EFO	subclass_of	311
AraPort	SO	subclass_of	15919
OBI	BTO	subclass_of	1
PR	PR	INVERTED:has_component	390
CL	CL	INVERTED:develops_from	380
SNOMED	SNOMED	associated_with	3952
CHEBI	FOODON	subclass_of	200
MF	MONDO	INVERTED:disease_has_basis_in_disruption_of	1
CL	FMA	xref	701
PR	UBERON	INVERTED:has_part	6
HP	BFO	subclass_of	3
NCBIGene	UMLS	diagnoses	6
NCBIGene	UMLS	inhibits	68254
NCIT	NCIT	genetic_biomarker_related_to	2607
PECO	PECO	subclass_of	8
UBERON	EFO	xref	613
OGMS	GENEPIO	subclass_of	1
LOINC	LOINC	has_lateral_location_presence	3480
OBI	EFO	part_of	2
UMLS	UMLS	compared_with	348640
OMIT	NCIT	subclass_of	2
ARO	ARO	subclass_of	40
CHEMBL.COMPOUND	CHEMBL.TARGET	proteolytic_enzyme	6
NBO	NBO	subclass_of	985
HP	MESH	xref	3
LOINC	LOINC	class_of	45064
NBO	GO	subclass_of	14
NCIT	CHEBI	subclass_of	7
SNOMED	SNOMED	has_specimen_source_morphology	154
CHEBI	EFO	has_role	83
CHEBI	CHEBI	is_conjugate_acid_of	8028
EFO	FMA	xref	57
LOINC	LOINC	has_modality_type	6030
FMA	EFO	subclass_of	1
PATO	GENEPIO	INVERTED:specifies_value_of	1
OBI	UBERON	INVERTED:produced_by	1
UO	BFO	subclass_of	1
EFO	CL	has_disease_location	59
ENVO	ENVO	results_in_formation_of	2
BAO	GENEPIO	subclass_of	1
GO	PR	imports	1
NCIT	NCIT	gene_is_element_in_pathway	6246
CL	GO	has_high_plasma_membrane_amount	15
GO	GO	results_in_transport_along	6
SO	CHEBI	subclass_of	7
SNOMED	SNOMED	relative_to_part_of	2
GENEPIO	GENEPIO	located_in	2
FMA	FMA	has_branch	6906
FMA	FMA	anteromedial_to	22
GO	MI	subclass_of	2
GO	PO	results_in_acquisition_of_features_of	31
UBERON	PATO	has_quality	75
MONDO	MONDO	disease_has_basis_in_feature	68
OBI	OBI	is_about	1
UniProtKB	CHEBI	physically_interacts_with	29920
TypOn	GENEPIO	subclass_of	1
FMA	FMA	posterolateral_to	12
HP	MP	xref	1
DOID	DOID	has_symptom	9
PathWhiz.Compound	PathWhiz.Bound	INVERTED:has_element_in_bound	142
GENEPIO	STATO	is_about	1
UBERON	UBERON	postaxialmost_part_of	5
SNOMED	SNOMED	has_specimen	3075
HMDB	OMIM	disease	4222
IDO	OGMS	subclass_of	1
OBO	CHEBI	subclass_of	5
LOINC	LOINC	has_lateral_anatomic_location	3498
GO	CHEBI	has_primary_output	1168
dictybase.gene	PR	INVERTED:has_gene_template	4540
RO	RO	subclass_of	2
UO	IAO	subclass_of	2
DOID	UBERON	has_disease_location	1
MONDO	medgen	equivalent_to	2582
LOINC	LOINC	multipart_of	21095
MONDO	UMLS	equivalent_to	14023
EFO	PATO	xref	8
ORPHANET	ORPHANET	orphanet:327767	309
OIO	IAO	subclass_of	1
FMA	FMA	adjacent_to	22
CPT	CPT	mapped_to	191
NCBIGene	DOID	associated_with_disease	110
BTO	GENEPIO	subclass_of	1
GO	UBERON	has_output	1
CPT	CPT	has_possibly_included_panel_element	1
CL	UBERON	adjacent_to	6
FMA	FMA	anterolateral_to	18
UniProtKB	UBERON	expressed_in	323101
DOID	GO	realized_in_response_to	6
SNOMED	SNOMED	INVERTED:has_component	4159
LOINC	LOINC	has_exam	454
HANCESTRO	BFO	subclass_of	1
ORPHANET	MONDO	subclass_of	3400
GENEPIO	SO	is_about	7
SNOMED	SNOMED	INVERTED:has_definitional_manifestation	13
NCIT	NCIT	gene_found_in_organism	1840
GO	UBERON	results_in_growth_of	20
UMLS	UMLS	stimulates	663742
ENVO	ENVO	INVERTED:output_of	3
EFO	UBERON	is_about	341
SNOMED	SNOMED	has_technique	155
BFO	EFO	subclass_of	4
GO	SO	has_output	6
UBERON	UBERON	directly_develops_from	1
HMDB	SMPDB	in_pathway	482060
CHEBI	FOODON	INVERTED:composed_primarily_of	3
MONDO	RO	sub_property_of	1
EFO	CHEBI	located_in	1
NCIT	NCIT	INVERTED:is_normal_cell_origin_of_disease	18809
UBERON	UBERON	tributary_of	35
CHEMBL.COMPOUND	NCBIGene	activator	316
GO	UBERON	INVERTED:site_of	16
GO	UBERON	results_in_transport_to_from_or_in	2
BTO	BTO	subclass_of	7
FMA	FMA	branch_of	7586
PO	PO	adjacent_to	1
UBERON	EHDAA2	xref	1386
MEDDRA	MEDDRA	subclass_of	36911
GENEPIO	CHMO	subclass_of	5
SYMP	SYMP	subclass_of	847
ECTO	MONDO	INVERTED:realized_in_response_to	33
MONDO	MONDO	disease_has_feature	298
LOINC	LOINC	has_modality_subtype	1083
BSPO	BSPO	sub_property_of	15
EFO	UBERON	inheres_in	7
HMDB	FMA	at_tissue	4175
FMA	UMLS	xref	104400
UBERON	UBERON	drains	79
HANCESTRO	IAO	subclass_of	1
CL	GO	has_not_completed	12
OBI	ERO	subclass_of	3
ICO	GENEPIO	subclass_of	1
GO	FAO	results_in_growth_of	1
PATO	PATO	increased_in_magnitude_relative_to	4
NCBIGene	NCBIGene	same_as	142
NCIT	NCIT	allele_absent_from_wild_type_chromosomal_location	1
UMLS	UMLS	associated_with	699263
GENEPIO	NCBITaxon	is_about	4
FMA	FMA	has_segmental_composition	2
wb	PR	INVERTED:has_gene_template	4479
IAO	OBO	inverse_of	1
CL	UBERON	located_in	83
NCIT	NCIT	gene_product_plays_role_in_biological_process	21782
GAZ	GENEPIO	subclass_of	16
EFO	ORPHANET	disease_has_basis_in_feature	1
GENEPIO	GENEPIO	INVERTED:has_component	38
GO	CL	results_in_commitment_to	57
BSPO	BSPO	has_axis	6
ERO	ERO	subclass_of	2
UBERON	UMLS	xref	2836
NCIT	NCIT	allele_in_chromosomal_location	104
UBERON	UBERON	develops_from_part_of	5
NCIT	NCIT	disease_has_primary_anatomic_site	11480
UBERON	NBO	capable_of	2
PR	GO	subclass_of	360
UBERON	GO	capable_of	122
NCBIGene	UMLS	produces	25911
GO	MONDO	INVERTED:disease_has_basis_in_dysfunction_of	30
LOINC	LOINC	has_suffix	33614
MESH	MONDO	equivalent_to	7860
UBERON	GO	functionally_related_to	4
HCPCS	HCPCS	subclass_of	6944
FOODON	FOODON	subclass_of	23328
GO	PO	results_in_structural_organization_of	8
GO	GO	capable_of_part_of	298
GENEPIO	SIO	subclass_of	8
FMA	FMA	secondary_segmental_supply_of	2
ORPHANET	HP	xref	87
NCIT	NCIT	INVERTED:complex_has_physical_part	616
GEO	GEO	subclass_of	1
OBO	CL	INVERTED:has_part	3
CHEBI	OBI	subclass_of	1
CL	GO	xref	1
PO	PO	located_in	3
GO	GO	isa	6463
EFO	NCBITaxon	inheres_in	9
dictybase.gene	NCBITaxon	only_in_taxon	4540
ENVO	ENVO	has_quality	4
EFO	EFO	INVERTED:develops_from	1
UBERON	UBERON	channels_into	18
ORPHANET	EFO	xref	61
NCIT	NCIT	human_disease_maps_to_eo_disease	1829
CHEMBL.COMPOUND	CHEMBL.TARGET	modulator	85
VT	IAO	subclass_of	1
GO	SO	has_primary_input	17
FMA	FMA	has_secondary_segmental_supply	79
EFO	CL	xref	12
HP	GARD	xref	1
UMLS	UMLS	INVERTED:inverse_of_rn	115122
UMLS	NCBIGene	converts_to	1690
GO	UBERON	results_in_specification_of	4
GENEPIO	OBO	subclass_of	1
GENEPIO	GAZ	located_in	1
HP	ORPHANET	subclass_of	2
UBERON	UBERON	connects	524
EFO	GO	xref	6
MONDO	HP	subclass_of	1
CHEMBL.COMPOUND	CHEMBL.TARGET	cross_linking_agent	33
SNOMED	SNOMED	has_method	60209
SNOMED	SNOMED	has_presentation_strength_numerator_unit	4305
CHEBI	PathWhiz	INVERTED:has_compound	1567712
CHEBI	CHEBI	has_role	39604
UBERON	UBERON	branching_part_of	47
MONDO	EFO	subclass_of	1906
NCBITaxon	EFO	INVERTED:has_participant	16
EHDAA2	OBO	existence_ends_during	2367
FOODON	FOODON	has_consumer	6
UBERON	ZFA	xref	33
FOODON	PO	derives_from	5
SNOMED	SNOMED	has_inherent_attribute	156
GTPI	NCBIGene	affects	97
ORPHANET	MONDO	disease_shares_features_of	1
GAZ	GENEPIO	type	56
CHEBI	CHEBI	INVERTED:has_part	3773
BSPO	BSPO	subclass_of	179
UPHENO	PATO	subclass_of	1
DRUGBANK	UMLS	clinically_tested_suspended_phase_2_or_phase_3	29
GO	GO	immediately_preceded_by	7
PO	FOODON	INVERTED:has_part	1
UBERON	UBERON	attaches_to_part_of	2
EFO	EFO	has_quality	10
UBERON	UBERON	anterior_to	11
NCIT	NCIT	disease_has_metastatic_anatomic_site	140
BSPO	BSPO	surface_of	12
GO	PO	results_in_formation_of	17
MONDO	OMOP	equivalent_to	1590
NCBIGene	CL	expressed_in	20
FBbt	FBbt	subclass_of	12
CL	PR	lacks_plasma_membrane_part	454
DOID	GO	disease_causes_disruption_of	27
GO	UBERON	has_end_location	1
FMA	FMA	receives_drainage_from	195
NCBITaxon	UMLS	xref	1776528
NCIT	DOID	subclass_of	1
HMDB	MESH	in_biospecimen	19
UMLS	UMLS	owning_subsection_of	42
DOID	MESH	xref	3539
GO	CL	results_in_morphogenesis_of	10
NCIT	PCO	subclass_of	2
MONDO	OncoTree	equivalent_to	556
CL	UBERON	part_of	690
VCARD	IAO	subclass_of	1
GO	UBERON	has_start_location	1
OBOREL	RO	sub_property_of	1
BTO	PATO	bearer_of	1
ENVO	ENVO	has_input	9
SIO	GENEPIO	INVERTED:specifies_value_of	2
UBERON	BTO	INVERTED:develops_from	4
NCIT	NCIT	disease_has_normal_tissue_origin	19638
GO	GO	results_in_morphogenesis_of	12
CHEBI	PathWhiz	INVERTED:has_nucleic_acid	816
CHEMBL.COMPOUND	UniProtKB	targets	39678
FMA	FMA	matures_into	76
GO	GO	INVERTED:negatively_regulated_by	1632
UMLS	UMLS	interacts_with	1297335
SO	OBI	is_about	2
FMA	FMA	proximal_to	106
BSPO	FMA	xref	7
BSPO	BSPO	left_of	1
PR	MOD	subclass_of	2
SNOMED	SNOMED	has_precondition	14
MEDDRA	MEDDRA	classified_as	47649
EFO	PO	subclass_of	19
ENVO	BFO	subclass_of	16
PR	GO	INVERTED:process_has_causal_agent	5
UBERON	UBERON	innervated_by	143
GENEPIO	NCIT	subclass_of	33
ttd.target	NCBIGene	affects	6
HMDB	CL	at_tissue	7
GO	OBA	negatively_regulates	11
MP	ICD10	xref	2
PATO	CARO	xref	2
PR	GO	INVERTED:has_participant	3
FOODON	FOODON	has_substance_added	1
NCIT	GENEPIO	subclass_of	38
UBERON	UBERON	in_right_side_of	49
PR	PR	lacks_part	3181
MONDO	CL	disease_causes_dysfunction_of	4
OMIM	MONDO	equivalent_to	8717
UMLS	UMLS	affects	1521984
NCIT	NCIT	gene_has_physical_location	989
HGNC	UMLS	xref	41638
UBERON	UBERON	INVERTED:composed_primarily_of	136
GAZ	GAZ	subclass_of	273
UBERON	UBERON	preaxialmost_part_of	11
BSPO	BSPO	inverse_of	18
OBO	PCO	subclass_of	1
EFO	ORPHANET	is_about	12
ICD9	MONDO	equivalent_to	1883
SO	GENEPIO	subclass_of	4
NCIT	NCIT	gene_associated_with_disease	2175
CHEBI	CHEBI	inheres_in	41
ttd.target	NCBIGene	blocker	21
UBERON	UBERON	starts	3
ORPHANET	MONDO	equivalent_to	9149
UMLS	UMLS	has_structural_class	2
GO	GO	negatively_regulates	4659
FMA	FMA	connection_type_of	4
DOID	GENEPIO	INVERTED:specifies_value_of	1
PO	EFO	part_of	10
NCIT	MONDO	equivalent_to	6777
FAO	FAO	part_of	4
FMA	FMA	efferent_to	820
PO	MONDO	INVERTED:realized_in_response_to_stimulus	1
ORPHANET	UMLS	xref	6226
CHEBI	FOODON	INVERTED:has_defining_ingredient	2
UMLS	NCBIGene	INVERTED:location_of	26952
FMA	FMA	posterior_to	403
LOINC	LOINC	component_of	126098
DRUGBANK	UMLS	clinically_tested_terminated_phase_2	1043
LOINC	LOINC	INVERTED:has_member	22838
LOINC	LOINC	subclass_of	250116
GO	CARO	results_in_development_of	1
FLU	GENEPIO	subclass_of	1
MF	MF	subclass_of	8
OBO	GENEPIO	subclass_of	3
CHEMBL.COMPOUND	CHEMBL.TARGET	positive_allosteric_modulator	67
NCBIGene	HGNC	same_as	40970
PR	PR	INVERTED:has_part	154
CHEBI	EFO	INVERTED:has_input	14
HP	MP	subclass_of	5
HMDB	CHEBI	same_as	4846
GO	CL	has_input	64
OMP	NCIT	is_about	1
FMA	FMA	has_arterial_supply	599
MONDO	DOID	equivalent_to	9000
CL	OBO	INVERTED:has_participant	3
EFO	CHEBI	has_output	1
MONDO	UMLS	subclass_of	1
NCIT	NCIT	eo_disease_has_property_or_attribute	277
NCBIGene	OMIM	associated_with_disease	25
CHEBI	OIO	subclass_of	1
CL	PR	expresses	6
CHEBI	NBO	INVERTED:has_participant	10
FOODON	FOODON	part_of	1
GO	GO	has_input	116
FMA	FMA	medial_to	130
BSPO	BSPO	follows_axis	4
CHEBI	GO	INVERTED:has_participant	23
FMA	FMA	bounds	1465
ORPHANET	EFO	disease_has_major_feature	1
GO	CL	transports_or_maintains_localization_of	4
CHEBI	SO	equivalent_to	3
ecogene	PR	INVERTED:has_gene_template	4019
PomBase	PR	INVERTED:has_gene_template	5172
CHEBI	BFO	equivalent_to	1
PathWhiz.Bound	PathWhiz	INVERTED:has_bound	946
ORPHANET	MONDO	xref	5779
PathWhiz	GO	has_location	3066986
MONDO	NCIT	xref	6793
MONDO	MONDO	INVERTED:realized_in_response_to_stimulus	2
GO	GO	transports_or_maintains_localization_of	61
PCO	ENVO	INVERTED:has_part	1
OBO	OBI	is_about	1
LOINC	LOINC	has_system	129358
PCO	PCO	subclass_of	10
ATC	ATC	subclass_of	6317
MONDO	NBO	realized_in	1
wb	NCBITaxon	only_in_taxon	4479
MONDO	GO	realized_in	9
SMPDB	PathWhiz	same_as	110216
NCIT	NCIT	is_abnormal_cell_of_disease	49398
RO	OBOREL	sub_property_of	2
DOID	UBERON	derives_from	18
MONDO	MONDO	subclass_of	38341
RGD	SO	subclass_of	8114
RO	OBOREL	inverse_of	1
UBERON	FBbt	xref	4
CHEBI	ENVO	INVERTED:composed_primarily_of	10
UBERON	UBERON	has_developmental_contribution_from	103
SNOMED	SNOMED	has_pathological_process	16823
EHDAA2	AEO	part_of	36
GO	OBO	exports	4
HANCESTRO	dbpedia	is_demonym_of	9
GO	UBERON	INVERTED:composed_primarily_of	25
ORPHANET	ORPHANET	orphanet:410296	196
DRUGBANK	CHEBI	external_identifier	5052
CHEBI	CHEBI	has_parent_hydride	1623
PCO	GENEPIO	subclass_of	1
RXNORM	RXNORM	INVERTED:rxcui:has_part	3759
PR	PR	equivalent_to	8
FMA	FMA	INVERTED:transforms_from	22
HP	CL	xref	4
EFO	KEGG	xref	26
HANCESTRO	HANCESTRO	has_ancestry_status	2
LOINC	LOINC	has_count	148
FOODON	FOODON	INVERTED:has_member	11
RXNORM	RXNORM	rxcui:has_doseformgroup	17677
CL	PR	lacks_part	10
NCIT	NCIT	cytogenetic_abnormality_involves_chromosome	684
EHDAA2	CARO	subclass_of	927
HP	GO	xref	3
BSPO	BSPO	starts_axis	7
GO	GO	imports	2
UBERON	MONDO	INVERTED:disease_has_basis_in_dysfunction_of	22
UMLS	UMLS	may_be_qualified_by	20
EFO	UBERON	part_of	22
ARO	NCIT	subclass_of	3
SO	GO	INVERTED:process_has_causal_agent	5
CHEMBL.COMPOUND	CHEMBL.TARGET	antisense_inhibitor	2
EFO	OMIMPS	xref	47
UBERON	UBERON	distal_to	2
NCBIGene	NCBIGene	stimulates	20660
EFO	OBI	xref	1
ARO	GENEPIO	equivalent_to	1
SNOMED	SNOMED	causative_agent_of	18961
DOID	GARD	xref	1
EFO	PR	is_about	3
UBERON	UBERON	proximally_connected_to	55
PR	GO	involved_in	3
CLO	EFO	bearer_of	8
LOINC	LOINC	has_divisor	5470
NCIT	NCIT	chemical_or_drug_affects_abnormal_cell	28
FMA	FMA	has_lymphatic_drainage	759
UBERON	UBERON	in_distal_side_of	2
PO	BFO	subclass_of	46
ENVO	NCIT	located_in	1
FMA	FMA	lymphatic_drainage_of	764
ICD10	UMLS	xref	109975
NCIT	NCIT	neoplasm_has_special_category	105
UBERON	UBERON	intersects_midsagittal_plane_of	27
CL	GO	produces	14
RO	RO	INVERTED:inverse_of	6
FOODON	ENVO	subclass_of	9
PomBase	SO	subclass_of	5124
UBERON	GENEPIO	subclass_of	5
KEGG	CHEBI	same_as	2516
MEDDRA	MEDDRA	INVERTED:has_member	17338
GO	GO	immediately_precedes	4
NBO	UBERON	INVERTED:output_of	1
FMA	FMA	receives_input_from	676
OMIT	BFO	subclass_of	1
CHEMBL.COMPOUND	NCBIGene	inverse_agonist	23
RXNORM	RXNORM	INVERTED:rxcui:has_ingredient	38040
CHEBI	CHEBI	is_conjugate_base_of	8028
FMA	FMA	has_fusion	4
PathWhiz.Reaction	PathWhiz.ElementCollection	has_right_element	1584
NCBIGene	UMLS	predisposes	23510
CHEBI	EFO	subclass_of	223
OBO	MI	subclass_of	15
HMDB	FMA	in_biospecimen	49
NCIT	NCIT	is_qualified_by	1
MI	MI	subclass_of	101
CHEMBL.COMPOUND	CHEMBL.TARGET	allosteric_antagonist	1
GO	UBERON	occurs_in	69
BSPO	BSPO	anterior_to	1
IAO	BFO	sub_property_of	2
EFO	NCBITaxon	part_of	6
UBERON	GO	located_in	1
EFO	ORPHANET	INVERTED:has_part	1
PR	GO	capable_of	25
GEO	GENEPIO	subclass_of	2
ECOCORE	ECOCORE	subclass_of	8
DRUGBANK	UMLS	clinically_tested_terminated_phase_1	499
GO	OBO	subclass_of	2
ORPHANET	EFO	predisposes_towards	4
UBERON	EFO	part_of	3
EFO	UBERON	inheres_in_part_of	13
CL	CL	synapsed_by	4
DRUGBANK	PathWhiz.Bound	INVERTED:has_element_in_bound	6
OMIT	IAO	subclass_of	1
MONDO	MEDDRA	xref	3
UBERON	BTO	xref	7
GO	PATO	bearer_of	5
FMA	FMA	right_lateral_to	4
GO	PR	has_primary_input	2
CL	AEO	xref	1
GO	GO	inverse_ends_during	1
SNOMED	SNOMED	has_dose_form_transformation	274
PathWhiz.Reaction	PathWhiz.ElementCollection	has_left_element	1625
NCIT	NCIT	gene_product_has_associated_anatomy	5253
UMLS	UMLS	has_context_binding	68
GENEPIO	GENEPIO	INVERTED:has_part	4
FOODON	OIO	subclass_of	11
IAO	IAO	sub_property_of	1
UniProtKB	PathWhiz.ProteinComplex	INVERTED:has_protein_in_complex	1903
CHEMBL.COMPOUND	NCBIGene	inhibitor	5750
FMA	FMA	development_type_of	13
NCIT	NCIT	has_nichd_parent	4081
GO	CL	INVERTED:has_part	98
biolink	biolink	sub_property_of	141
DDANAT	CARO	xref	4
ORPHANET	MONDO	disease_has_major_feature	1
UBERON	UBERON	immediately_posterior_to	1
OBI	SIO	subclass_of	1
GO	GO	INVERTED:has_part	4860
CHMO	OBI	subclass_of	1
BSPO	BSPO	posterior_to	1
PathWhiz.NucleicAcid	CHEBI	same_as	35
MONDO	HGNC	xref	56
UBERON	UBERON	supplies	132
NCIT	NCIT	is_molecular_abnormality_of_disease	1195
NCIT	NCIT	is_component_of_chemotherapy_regimen	11836
UniProtKB	HP	has_phenotype	11603
EFO	EFO	disease_has_major_feature	1
OBI	BFO	sub_property_of	2
OPL	GO	INVERTED:ends_with	1
GO	CL	has_target_start_location	4
CL	PR	has_low_plasma_membrane_amount	71
FMA	FMA	receives_attachment_from	458
NCIT	ARO	subclass_of	2
SNOMED	SNOMED	has_associated_procedure	2467
GO	GO	has_target_start_location	96
EFO	EFO	has_disease_location	14
FMA	FMA	has_projection	110
CHEMBL.COMPOUND	NCBIGene	blocker	943
IDO	OPL	INVERTED:realizes	2
EFO	ORPHANET	bearer_of	3
HANCESTRO	HANCESTRO	subclass_of	330
NCBIGene	UMLS	augments	69744
NCIT	NCBITaxon	in_taxon	2
DOID	HP	has_phenotype	649940
GO	DDANAT	results_in_development_of	1
ENVO	ENVO	surrounded_by	4
OBI	IAO	sub_property_of	1
CL	GO	capable_of_part_of	1
LOINC	LOINC	INVERTED:has_component	119855
ENVO	ENVO	type	41
DRUGBANK	UMLS	clinically_tested_terminated_phase_1_or_phase_2	214
GOREL	RO	sub_property_of	5
NCIT	NCIT	procedure_has_excised_anatomy	401
DDANAT	DDANAT	INVERTED:develops_from	87
FOODON	FOODON	INVERTED:has_ingredient	77
OBO	IDO	has_role	1
SNOMED	SNOMED	has_concentration_strength_numerator_unit	2123
HP	UBERON	affects	2853
PATO	BFO	subclass_of	13
GO	UMLS	xref	69387
ENVO	ENVO	part_of	72
ORPHANET	DOID	xref	1579
ENVO	MONDO	INVERTED:realized_in_response_to_stimulus	13
LOINC	LOINC	has_aggregation_view	3311
FBbt	FBbt	part_of	16
FBbt	UBERON	INVERTED:develops_from	1
CL	CL	derives_from	1
DOID	OBI	subclass_of	1
OMIM	UMLS	xref	123280
CL	CL	lacks_plasma_membrane_part	3
LOINC	LOINC	is_presence_guidance_for	1021
PATO	GO	xref	1
BFO	BFO	inverse_of	4
FMA	FMA	posteroinferior_to	22
MF	MF	INVERTED:has_participant_at_all_times	2
GO	PO	results_in_maturation_of	5
SNOMED	SNOMED	has_units	7
MONDO	OMIM	equivalent_to	8717
ENVO	ENVO	occurs_in	2
UMLS	UMLS	inhibits	614020
UMLS	UMLS	has_supported_concept_relationship	342
NCBITaxon	DOID	INVERTED:has_participant	2
MONDO	DOID	subclass_of	1
CL	GO	lacks_plasma_membrane_part	28
NCIT	NCIT	disease_may_have_molecular_abnormality	9292
MONDO	ICD10	xref	11520
UMLS	UMLS	manifestation_of	41231
KEGG	PathWhiz	INVERTED:has_element_collection	389
GO	CL	equivalent_to	1
SNOMED	SNOMED	INVERTED:has_direct_device	4121
SNOMED	SNOMED	has_route_of_administration	176
PathWhiz.Compound	PathWhiz	INVERTED:has_compound	2003771
ORPHANET	ORPHANET	part_of	14694
EFO	UBERON	participates_in	1
GO	CHEBI	xref	919
OBI	NCIT	subclass_of	3
SNOMED	SNOMED	has_dose_form_administration_method	295
EHDAA2	EHDAA2	develops_in	33
GO	GO	capable_of	498
GO	GO	INVERTED:starts_with	58
OBO	OBO	existence_starts_during	1
FMA	FMA	anterior_to	355
OPL	OPL	occurs_in	14
GO	CL	results_in_development_of	98
SNOMED	SNOMED	has_process_duration	136
GO	PO	part_of	9
SNOMED	SNOMED	basis_of_strength_substance_of	1016
CHEBI	CHEBI	subclass_of	193181
NCBIGene	UMLS	associated_with	132056
GO	ZFA	xref	5
MONDO	ICD9	equivalent_to	1883
DRUGBANK	UMLS	clinically_tested_suspended_phase_2	311
CL	GO	has_completed	19
GENEPIO	PATO	is_about	2
GO	UBERON	results_in_transport_across	7
PO	GO	INVERTED:has_participant	4
GO	GO	results_in_development_of	4
NCIT	NCIT	gene_product_is_element_in_pathway	13536
FMA	FMA	inferomedial_to	5
OGMS	MONDO	equivalent_to	1
CHEMBL.COMPOUND	NCBIGene	channel_blocker	331
PathWhiz.Reaction	DRUGBANK	has_right_element	14853
SNOMED	SNOMED	inheres_in	156
EDAM	IAO	subclass_of	1
DRUGBANK	DRUGBANK	drug_interaction	2669663
GO	GO	INVERTED:results_in_movement_of	1
CARO	ENVO	INVERTED:determined_by	1
UBERON	UBERON	existence_ends_during	32
ORPHANET	MONDO	predisposes_towards	1
CHEMBL.COMPOUND	NCBIGene	stimulator	15
CHEBI	PR	equivalent_to	1
NCIT	NCIT	procedure_has_imaged_anatomy	1
BSPO	BFO	sub_property_of	12
UBERON	MA	subclass_of	2
RXNORM	RXNORM	rxcui:isa	47221
OBA	PATO	subclass_of	1
EFO	SNOMED	xref	1
SO	UO	INVERTED:is_unit_of	1
EHDAA2	EHDAA2	part_of	2925
AEO	CARO	subclass_of	59
OBO	OBO	part_of	14
CHEBI	DOID	INVERTED:has_allergic_trigger	84
UBERON	MA	xref	2
CHEBI	ENVO	INVERTED:has_participant	1
GO	GO	adjacent_to	22
GENEPIO	STATO	subclass_of	12
NCIT	NCIT	gene_encodes_gene_product	18713
GO	UBERON	results_in_structural_organization_of	28
GO	GO	INVERTED:positively_regulated_by	1616
CL	EFO	xref	1
DOID	MONDO	equivalent_to	9000
RXNORM	RXNORM	rxcui:part_of	6788
NDDF	UMLS	xref	33096
HP	GO	subclass_of	1
ENVO	FOODON	INVERTED:composed_primarily_of	1
ECTO	ECTO	subclass_of	81
NCIT	NCIT	gene_product_variant_of_gene_product	457
NCBIGene	NCBIGene	compared_with	7200
EFO	HP	xref	237
PathWhiz.Reaction	DRUGBANK	has_left_element	21859
PATO	NBO	INVERTED:in_response_to	3
PR	CL	INVERTED:has_part	675
NCIT	NCIT	chemical_or_drug_affects_cell_type_or_tissue	572
ORPHANET	ORPHANET	disease_has_feature	25
EFO	EFO	is_input_of	95
EFO	EFO	xref	27
SNOMED	SNOMED	direct_substance_of	5117
UBERON	ARO	subclass_of	3
FMA	FMA	has_regional_part	26404
PR	GO	INVERTED:has_part	2
ZFA	UBERON	subclass_of	1
NCBIGene	ENSEMBL	same_as	35031
UniProtKB	NCBITaxon	in_taxon	24986
GAZ	OBO	subclass_of	197
GENEPIO	BFO	subclass_of	13
UBERON	UBERON	INVERTED:preceded_by	13
UniProtKB	PathWhiz	INVERTED:has_protein	304018
UMLS	UMLS	produces	305322
OPL	UBERON	subclass_of	8
RXNORM	RXNORM	rxcui:has_tradename	48926
NCBITaxon	ENVO	INVERTED:process_has_causal_agent	3
NCIT	NCIT	procedure_has_target_anatomy	916
UBERON	UBERON	INVERTED:ends_with	1
UniProtKB	GO	acts_upstream_of_or_within_negative_effect	5
OMRSE	GENEPIO	subclass_of	1
CARO	BFO	subclass_of	4
FOODON	UBERON	derives_from	6
UBERON	UBERON	INVERTED:has_member	15
SNOMED	SNOMED	part_anatomy_structure_of	323
NCIT	NCIT	eo_disease_has_associated_eo_anatomy	3128
IDO	OBI	subclass_of	3
ENVO	PO	derives_from	1
NCIT	NCIT	has_pharmaceutical_intended_site	529
NCIT	NCIT	INVERTED:biological_process_involves_chemical_or_drug	18
OPL	BFO	subclass_of	3
FMA	FMA	has_inherent_3d_shape	4
UBERON	UBERON	existence_starts_during_or_after	4
UniProtKB	GO	enables	67759
NCIT	NCIT	has_data_element	10
GO	UBERON	results_in_formation_of	174
GO	MONDO	INVERTED:disease_has_basis_in_disruption_of	275
GENEPIO	IAO	subclass_of	73
OBI	GENEPIO	member_of	2
LOINC	LOINC	mth_has_expanded_form	1
NCIT	NCIT	has_pharmaceutical_administration_method	542
CHEMBL.COMPOUND	NCBIGene	modulator	242
UBERON	UBERON	has_muscle_insertion	217
UBERON	UBERON	in_anterior_side_of	13
PO	FOODON	INVERTED:has_defining_ingredient	1
OMIT	PR	subclass_of	1
UBERON	UBERON	filtered_through	4
OBA	OBA	subclass_of	173
SNOMED	SNOMED	entire_anatomy_structure_of	7090
CEPH	UBERON	subclass_of	1
medgen	MONDO	equivalent_to	2582
FMA	FMA	has_origin	275
EFO	OBI	INVERTED:has_participant	2
NCIT	GENEPIO	INVERTED:specifies_value_of	4
GENEPIO	GENEPIO	has_output	1
DDANAT	DDANAT	subclass_of	129
CL	GO	lacks_part	11
GO	GO	INVERTED:process_has_causal_agent	20
UniProtKB	CL	expressed_in	15576
PR	MOD	lacks_part	48
MONDO	MONDO	part_of_progression_of_disease	2
MONDO	NCIT	has_modifier	2
TRANS	TRANS	subclass_of	32
GO	CL	results_in_growth_of	5
LOINC	LOINC	has_time_aspect	90380
GO	GO	has_output	14
CL	EHDAA2	xref	6
LOINC	LOINC	has_time_modifier	197
UniProtKB	GO	expressed_in	74377
GO	FAO	results_in_formation_of	6
CHEBI	MONDO	INVERTED:realized_in_response_to_stimulus	31
CHEBI	DRUGBANK	same_as	636
EFO	CL	is_about	40
GO	GO	results_in_growth_of	2
EFO	UBERON	subclass_of	82
MESH	MESH	has_mapping_qualifier	33615
ORPHANET	ORPHANET	disease_has_basis_in_feature	2
UniProtKB	UniProtKB	physically_interacts_with	615498
PO	CARO	subclass_of	2
NCIT	GENEPIO	before	1
UBERON	UBERON	adjacent_to	329
CL	OBO	INVERTED:has_part	1
CHEBI	GENEPIO	INVERTED:specifies_value_of	3
ttd.target	NCBIGene	cofactor	4
LOINC	LOINC	has_object_guidance	474
ORPHANET	ORPHANET	orphanet:317345	496
EFO	GO	is_about	68
HMDB	EFO	at_tissue	9
GAZ	NCIT	subclass_of	186
BSPO	BSPO	distal_to	1
IDO	IDO	subclass_of	20
SNOMED	SNOMED	has_indirect_procedure_site	8311
FOODON	CHEBI	subclass_of	14
ORPHANET	ORPHANET	orphanet:317349	229
CHEBI	CHEBI	inverse_of	2
NCBIGene	NCBIGene	coexists_with	20358
GO	GO	results_in_transport_to_from_or_in	17
EFO	BFO	subclass_of	66
GO	DOID	INVERTED:disease_caused_by_disruption_of	53
RO	SO	xref	9
BFO	CHEBI	equivalent_to	1
NCBITaxon	ICD9	xref	7
NCBITaxon	OBO	subclass_of	27
UMLS	UMLS	has_owning_affiliate	4
DRUGBANK	PathWhiz	INVERTED:has_protein	15
SNOMED	SNOMED	has_state_of_matter	58
UniProtKB	PathWhiz	INVERTED:has_element_collection	59
ORPHANET	ORPHANET	orphanet:c017	9706
FMA	FMA	forms	15
MF	MF	INVERTED:realizes	2
PR	GO	located_in	2
ECOCORE	BFO	subclass_of	1
OMIM	OMIM	has_inheritance_type	6005
CHEMBL.COMPOUND	NCBIGene	allosteric_modulator	317
ENVO	PATO	subclass_of	13
OBO	NCBITaxon	only_in_taxon	1013
NCIT	NCIT	procedure_has_completely_excised_anatomy	95
NCIT	SIO	subclass_of	4
DOID	KEGG	xref	39
